,TimeStamp,VMID,MinCPU,MaxCPU,AvgCPU,subscriptionid,vmcreated,vmdeleted,lifetime,time_relative_seconds,lifetime_seconds,MaxCPU_so_far
0,0,QdbZeJFmsJ3euIQ4lwW63NwFEP+QIirT4QbI0jEGr4dpkOet8p3iQSHAEm1gKWnR,2.7579255,5.9884243,3.8238852,V0AP5z7oYKG/61mTS4S5joIMjTvhUv2z3WcosKIGSDxEbQw3fKkeb7MScY65MH/m,0,1729500,480.4166666666667,0.0,1729500,5.9884243
1,300,QdbZeJFmsJ3euIQ4lwW63NwFEP+QIirT4QbI0jEGr4dpkOet8p3iQSHAEm1gKWnR,2.6216803,4.720161,3.6248143,V0AP5z7oYKG/61mTS4S5joIMjTvhUv2z3WcosKIGSDxEbQw3fKkeb7MScY65MH/m,0,1729500,480.4166666666667,300.0,1729500,5.9884243
2,600,QdbZeJFmsJ3euIQ4lwW63NwFEP+QIirT4QbI0jEGr4dpkOet8p3iQSHAEm1gKWnR,3.227927,5.398028,3.9281156,V0AP5z7oYKG/61mTS4S5joIMjTvhUv2z3WcosKIGSDxEbQw3fKkeb7MScY65MH/m,0,1729500,480.4166666666667,600.0,1729500,5.9884243
3,900,QdbZeJFmsJ3euIQ4lwW63NwFEP+QIirT4QbI0jEGr4dpkOet8p3iQSHAEm1gKWnR,2.8671732,4.9911294,3.7578871,V0AP5z7oYKG/61mTS4S5joIMjTvhUv2z3WcosKIGSDxEbQw3fKkeb7MScY65MH/m,0,1729500,480.4166666666667,900.0,1729500,5.9884243
4,1200,QdbZeJFmsJ3euIQ4lwW63NwFEP+QIirT4QbI0jEGr4dpkOet8p3iQSHAEm1gKWnR,2.5099857,5.1417093,3.756088,V0AP5z7oYKG/61mTS4S5joIMjTvhUv2z3WcosKIGSDxEbQw3fKkeb7MScY65MH/m,0,1729500,480.4166666666667,1200.0,1729500,5.9884243
5,1500,QdbZeJFmsJ3euIQ4lwW63NwFEP+QIirT4QbI0jEGr4dpkOet8p3iQSHAEm1gKWnR,2.7707174,4.550016,3.6610959,V0AP5z7oYKG/61mTS4S5joIMjTvhUv2z3WcosKIGSDxEbQw3fKkeb7MScY65MH/m,0,1729500,480.4166666666667,1500.0,1729500,5.9884243
6,1800,QdbZeJFmsJ3euIQ4lwW63NwFEP+QIirT4QbI0jEGr4dpkOet8p3iQSHAEm1gKWnR,2.5951052,5.956716,4.288662,V0AP5z7oYKG/61mTS4S5joIMjTvhUv2z3WcosKIGSDxEbQw3fKkeb7MScY65MH/m,0,1729500,480.4166666666667,1800.0,1729500,5.9884243
7,2100,QdbZeJFmsJ3euIQ4lwW63NwFEP+QIirT4QbI0jEGr4dpkOet8p3iQSHAEm1gKWnR,2.5862708,4.522896,3.594412,V0AP5z7oYKG/61mTS4S5joIMjTvhUv2z3WcosKIGSDxEbQw3fKkeb7MScY65MH/m,0,1729500,480.4166666666667,2100.0,1729500,5.9884243
8,2400,QdbZeJFmsJ3euIQ4lwW63NwFEP+QIirT4QbI0jEGr4dpkOet8p3iQSHAEm1gKWnR,3.065733,5.64027,4.0194316,V0AP5z7oYKG/61mTS4S5joIMjTvhUv2z3WcosKIGSDxEbQw3fKkeb7MScY65MH/m,0,1729500,480.4166666666667,2400.0,1729500,5.9884243
9,2700,QdbZeJFmsJ3euIQ4lwW63NwFEP+QIirT4QbI0jEGr4dpkOet8p3iQSHAEm1gKWnR,2.6512449,4.664032,3.6354926,V0AP5z7oYKG/61mTS4S5joIMjTvhUv2z3WcosKIGSDxEbQw3fKkeb7MScY65MH/m,0,1729500,480.4166666666667,2700.0,1729500,5.9884243
10,3000,QdbZeJFmsJ3euIQ4lwW63NwFEP+QIirT4QbI0jEGr4dpkOet8p3iQSHAEm1gKWnR,2.8149848,8.885633,4.6349115,V0AP5z7oYKG/61mTS4S5joIMjTvhUv2z3WcosKIGSDxEbQw3fKkeb7MScY65MH/m,0,1729500,480.4166666666667,3000.0,1729500,8.885633
11,3300,QdbZeJFmsJ3euIQ4lwW63NwFEP+QIirT4QbI0jEGr4dpkOet8p3iQSHAEm1gKWnR,2.6920316,7.770825,4.2468395,V0AP5z7oYKG/61mTS4S5joIMjTvhUv2z3WcosKIGSDxEbQw3fKkeb7MScY65MH/m,0,1729500,480.4166666666667,3300.0,1729500,8.885633
12,3600,QdbZeJFmsJ3euIQ4lwW63NwFEP+QIirT4QbI0jEGr4dpkOet8p3iQSHAEm1gKWnR,2.6833158,5.6935296,3.9769235,V0AP5z7oYKG/61mTS4S5joIMjTvhUv2z3WcosKIGSDxEbQw3fKkeb7MScY65MH/m,0,1729500,480.4166666666667,3600.0,1729500,8.885633
13,3900,QdbZeJFmsJ3euIQ4lwW63NwFEP+QIirT4QbI0jEGr4dpkOet8p3iQSHAEm1gKWnR,2.409708,4.801289,3.5966275,V0AP5z7oYKG/61mTS4S5joIMjTvhUv2z3WcosKIGSDxEbQw3fKkeb7MScY65MH/m,0,1729500,480.4166666666667,3900.0,1729500,8.885633
14,4200,QdbZeJFmsJ3euIQ4lwW63NwFEP+QIirT4QbI0jEGr4dpkOet8p3iQSHAEm1gKWnR,3.1782458,5.878229,4.043057,V0AP5z7oYKG/61mTS4S5joIMjTvhUv2z3WcosKIGSDxEbQw3fKkeb7MScY65MH/m,0,1729500,480.4166666666667,4200.0,1729500,8.885633
15,4500,QdbZeJFmsJ3euIQ4lwW63NwFEP+QIirT4QbI0jEGr4dpkOet8p3iQSHAEm1gKWnR,2.398542,4.176515,3.5259807,V0AP5z7oYKG/61mTS4S5joIMjTvhUv2z3WcosKIGSDxEbQw3fKkeb7MScY65MH/m,0,1729500,480.4166666666667,4500.0,1729500,8.885633
16,4800,QdbZeJFmsJ3euIQ4lwW63NwFEP+QIirT4QbI0jEGr4dpkOet8p3iQSHAEm1gKWnR,2.661281,6.5278754,4.31187,V0AP5z7oYKG/61mTS4S5joIMjTvhUv2z3WcosKIGSDxEbQw3fKkeb7MScY65MH/m,0,1729500,480.4166666666667,4800.0,1729500,8.885633
17,5100,QdbZeJFmsJ3euIQ4lwW63NwFEP+QIirT4QbI0jEGr4dpkOet8p3iQSHAEm1gKWnR,2.6575677,4.7130485,3.7281928,V0AP5z7oYKG/61mTS4S5joIMjTvhUv2z3WcosKIGSDxEbQw3fKkeb7MScY65MH/m,0,1729500,480.4166666666667,5100.0,1729500,8.885633
18,5400,QdbZeJFmsJ3euIQ4lwW63NwFEP+QIirT4QbI0jEGr4dpkOet8p3iQSHAEm1gKWnR,2.7142682,6.437047,4.191163,V0AP5z7oYKG/61mTS4S5joIMjTvhUv2z3WcosKIGSDxEbQw3fKkeb7MScY65MH/m,0,1729500,480.4166666666667,5400.0,1729500,8.885633
19,5700,QdbZeJFmsJ3euIQ4lwW63NwFEP+QIirT4QbI0jEGr4dpkOet8p3iQSHAEm1gKWnR,2.4313264,4.8070936,3.6806736,V0AP5z7oYKG/61mTS4S5joIMjTvhUv2z3WcosKIGSDxEbQw3fKkeb7MScY65MH/m,0,1729500,480.4166666666667,5700.0,1729500,8.885633
20,6000,QdbZeJFmsJ3euIQ4lwW63NwFEP+QIirT4QbI0jEGr4dpkOet8p3iQSHAEm1gKWnR,2.6825228,5.5619597,3.9952815,V0AP5z7oYKG/61mTS4S5joIMjTvhUv2z3WcosKIGSDxEbQw3fKkeb7MScY65MH/m,0,1729500,480.4166666666667,6000.0,1729500,8.885633
21,6300,QdbZeJFmsJ3euIQ4lwW63NwFEP+QIirT4QbI0jEGr4dpkOet8p3iQSHAEm1gKWnR,2.4576533,4.7903943,3.5891213,V0AP5z7oYKG/61mTS4S5joIMjTvhUv2z3WcosKIGSDxEbQw3fKkeb7MScY65MH/m,0,1729500,480.4166666666667,6300.0,1729500,8.885633
22,6600,QdbZeJFmsJ3euIQ4lwW63NwFEP+QIirT4QbI0jEGr4dpkOet8p3iQSHAEm1gKWnR,2.422168,5.432141,3.8799615,V0AP5z7oYKG/61mTS4S5joIMjTvhUv2z3WcosKIGSDxEbQw3fKkeb7MScY65MH/m,0,1729500,480.4166666666667,6600.0,1729500,8.885633
23,6900,QdbZeJFmsJ3euIQ4lwW63NwFEP+QIirT4QbI0jEGr4dpkOet8p3iQSHAEm1gKWnR,3.0075235,8.382873,4.940382,V0AP5z7oYKG/61mTS4S5joIMjTvhUv2z3WcosKIGSDxEbQw3fKkeb7MScY65MH/m,0,1729500,480.4166666666667,6900.0,1729500,8.885633
24,7200,QdbZeJFmsJ3euIQ4lwW63NwFEP+QIirT4QbI0jEGr4dpkOet8p3iQSHAEm1gKWnR,2.931687,6.2561884,4.049869,V0AP5z7oYKG/61mTS4S5joIMjTvhUv2z3WcosKIGSDxEbQw3fKkeb7MScY65MH/m,0,1729500,480.4166666666667,7200.0,1729500,8.885633
25,7500,QdbZeJFmsJ3euIQ4lwW63NwFEP+QIirT4QbI0jEGr4dpkOet8p3iQSHAEm1gKWnR,2.6276205,4.6733613,3.6762745,V0AP5z7oYKG/61mTS4S5joIMjTvhUv2z3WcosKIGSDxEbQw3fKkeb7MScY65MH/m,0,1729500,480.4166666666667,7500.0,1729500,8.885633
26,7800,QdbZeJFmsJ3euIQ4lwW63NwFEP+QIirT4QbI0jEGr4dpkOet8p3iQSHAEm1gKWnR,3.1360373,61.77645,17.228828,V0AP5z7oYKG/61mTS4S5joIMjTvhUv2z3WcosKIGSDxEbQw3fKkeb7MScY65MH/m,0,1729500,480.4166666666667,7800.0,1729500,61.77645
27,8100,QdbZeJFmsJ3euIQ4lwW63NwFEP+QIirT4QbI0jEGr4dpkOet8p3iQSHAEm1gKWnR,2.6268468,40.94509,7.3276505,V0AP5z7oYKG/61mTS4S5joIMjTvhUv2z3WcosKIGSDxEbQw3fKkeb7MScY65MH/m,0,1729500,480.4166666666667,8100.0,1729500,61.77645
28,8400,QdbZeJFmsJ3euIQ4lwW63NwFEP+QIirT4QbI0jEGr4dpkOet8p3iQSHAEm1gKWnR,2.5540876,10.663297,4.6182814,V0AP5z7oYKG/61mTS4S5joIMjTvhUv2z3WcosKIGSDxEbQw3fKkeb7MScY65MH/m,0,1729500,480.4166666666667,8400.0,1729500,61.77645
29,8700,QdbZeJFmsJ3euIQ4lwW63NwFEP+QIirT4QbI0jEGr4dpkOet8p3iQSHAEm1gKWnR,2.5357416,5.009234,3.7781856,V0AP5z7oYKG/61mTS4S5joIMjTvhUv2z3WcosKIGSDxEbQw3fKkeb7MScY65MH/m,0,1729500,480.4166666666667,8700.0,1729500,61.77645
30,9000,QdbZeJFmsJ3euIQ4lwW63NwFEP+QIirT4QbI0jEGr4dpkOet8p3iQSHAEm1gKWnR,3.060168,7.304293,4.6142683,V0AP5z7oYKG/61mTS4S5joIMjTvhUv2z3WcosKIGSDxEbQw3fKkeb7MScY65MH/m,0,1729500,480.4166666666667,9000.0,1729500,61.77645
31,9300,QdbZeJFmsJ3euIQ4lwW63NwFEP+QIirT4QbI0jEGr4dpkOet8p3iQSHAEm1gKWnR,2.7986696,12.501636,7.392274,V0AP5z7oYKG/61mTS4S5joIMjTvhUv2z3WcosKIGSDxEbQw3fKkeb7MScY65MH/m,0,1729500,480.4166666666667,9300.0,1729500,61.77645
32,9600,QdbZeJFmsJ3euIQ4lwW63NwFEP+QIirT4QbI0jEGr4dpkOet8p3iQSHAEm1gKWnR,3.0157993,5.8653126,4.3358603,V0AP5z7oYKG/61mTS4S5joIMjTvhUv2z3WcosKIGSDxEbQw3fKkeb7MScY65MH/m,0,1729500,480.4166666666667,9600.0,1729500,61.77645
33,9900,QdbZeJFmsJ3euIQ4lwW63NwFEP+QIirT4QbI0jEGr4dpkOet8p3iQSHAEm1gKWnR,3.070924,4.284447,3.6234722,V0AP5z7oYKG/61mTS4S5joIMjTvhUv2z3WcosKIGSDxEbQw3fKkeb7MScY65MH/m,0,1729500,480.4166666666667,9900.0,1729500,61.77645
34,10200,QdbZeJFmsJ3euIQ4lwW63NwFEP+QIirT4QbI0jEGr4dpkOet8p3iQSHAEm1gKWnR,2.9015417,5.55654,3.9192398,V0AP5z7oYKG/61mTS4S5joIMjTvhUv2z3WcosKIGSDxEbQw3fKkeb7MScY65MH/m,0,1729500,480.4166666666667,10200.0,1729500,61.77645
35,10500,QdbZeJFmsJ3euIQ4lwW63NwFEP+QIirT4QbI0jEGr4dpkOet8p3iQSHAEm1gKWnR,2.9563248,8.464652,4.8254642,V0AP5z7oYKG/61mTS4S5joIMjTvhUv2z3WcosKIGSDxEbQw3fKkeb7MScY65MH/m,0,1729500,480.4166666666667,10500.0,1729500,61.77645
36,10800,QdbZeJFmsJ3euIQ4lwW63NwFEP+QIirT4QbI0jEGr4dpkOet8p3iQSHAEm1gKWnR,2.1728334,23.878895,5.561546,V0AP5z7oYKG/61mTS4S5joIMjTvhUv2z3WcosKIGSDxEbQw3fKkeb7MScY65MH/m,0,1729500,480.4166666666667,10800.0,1729500,61.77645
37,11100,QdbZeJFmsJ3euIQ4lwW63NwFEP+QIirT4QbI0jEGr4dpkOet8p3iQSHAEm1gKWnR,2.4729483,4.397301,3.5106912,V0AP5z7oYKG/61mTS4S5joIMjTvhUv2z3WcosKIGSDxEbQw3fKkeb7MScY65MH/m,0,1729500,480.4166666666667,11100.0,1729500,61.77645
38,11400,QdbZeJFmsJ3euIQ4lwW63NwFEP+QIirT4QbI0jEGr4dpkOet8p3iQSHAEm1gKWnR,2.2773342,5.4028106,3.8335612,V0AP5z7oYKG/61mTS4S5joIMjTvhUv2z3WcosKIGSDxEbQw3fKkeb7MScY65MH/m,0,1729500,480.4166666666667,11400.0,1729500,61.77645
39,11700,QdbZeJFmsJ3euIQ4lwW63NwFEP+QIirT4QbI0jEGr4dpkOet8p3iQSHAEm1gKWnR,2.5427082,4.945387,3.6707757,V0AP5z7oYKG/61mTS4S5joIMjTvhUv2z3WcosKIGSDxEbQw3fKkeb7MScY65MH/m,0,1729500,480.4166666666667,11700.0,1729500,61.77645
40,12000,QdbZeJFmsJ3euIQ4lwW63NwFEP+QIirT4QbI0jEGr4dpkOet8p3iQSHAEm1gKWnR,2.7758317,5.3556066,3.8425527,V0AP5z7oYKG/61mTS4S5joIMjTvhUv2z3WcosKIGSDxEbQw3fKkeb7MScY65MH/m,0,1729500,480.4166666666667,12000.0,1729500,61.77645
41,12300,QdbZeJFmsJ3euIQ4lwW63NwFEP+QIirT4QbI0jEGr4dpkOet8p3iQSHAEm1gKWnR,2.6853397,5.0131836,3.702754,V0AP5z7oYKG/61mTS4S5joIMjTvhUv2z3WcosKIGSDxEbQw3fKkeb7MScY65MH/m,0,1729500,480.4166666666667,12300.0,1729500,61.77645
42,12600,QdbZeJFmsJ3euIQ4lwW63NwFEP+QIirT4QbI0jEGr4dpkOet8p3iQSHAEm1gKWnR,2.4619827,5.8821955,3.9563248,V0AP5z7oYKG/61mTS4S5joIMjTvhUv2z3WcosKIGSDxEbQw3fKkeb7MScY65MH/m,0,1729500,480.4166666666667,12600.0,1729500,61.77645
43,12900,QdbZeJFmsJ3euIQ4lwW63NwFEP+QIirT4QbI0jEGr4dpkOet8p3iQSHAEm1gKWnR,2.7790103,6.614155,3.8269255,V0AP5z7oYKG/61mTS4S5joIMjTvhUv2z3WcosKIGSDxEbQw3fKkeb7MScY65MH/m,0,1729500,480.4166666666667,12900.0,1729500,61.77645
44,13200,QdbZeJFmsJ3euIQ4lwW63NwFEP+QIirT4QbI0jEGr4dpkOet8p3iQSHAEm1gKWnR,2.542328,5.352664,3.9515796,V0AP5z7oYKG/61mTS4S5joIMjTvhUv2z3WcosKIGSDxEbQw3fKkeb7MScY65MH/m,0,1729500,480.4166666666667,13200.0,1729500,61.77645
45,13500,QdbZeJFmsJ3euIQ4lwW63NwFEP+QIirT4QbI0jEGr4dpkOet8p3iQSHAEm1gKWnR,2.570747,5.289399,3.7522283,V0AP5z7oYKG/61mTS4S5joIMjTvhUv2z3WcosKIGSDxEbQw3fKkeb7MScY65MH/m,0,1729500,480.4166666666667,13500.0,1729500,61.77645
46,13800,QdbZeJFmsJ3euIQ4lwW63NwFEP+QIirT4QbI0jEGr4dpkOet8p3iQSHAEm1gKWnR,2.8862107,5.198939,3.8109562,V0AP5z7oYKG/61mTS4S5joIMjTvhUv2z3WcosKIGSDxEbQw3fKkeb7MScY65MH/m,0,1729500,480.4166666666667,13800.0,1729500,61.77645
47,14100,QdbZeJFmsJ3euIQ4lwW63NwFEP+QIirT4QbI0jEGr4dpkOet8p3iQSHAEm1gKWnR,2.4478877,7.944692,4.285196,V0AP5z7oYKG/61mTS4S5joIMjTvhUv2z3WcosKIGSDxEbQw3fKkeb7MScY65MH/m,0,1729500,480.4166666666667,14100.0,1729500,61.77645
48,14400,QdbZeJFmsJ3euIQ4lwW63NwFEP+QIirT4QbI0jEGr4dpkOet8p3iQSHAEm1gKWnR,2.9535835,9.267148,4.721025,V0AP5z7oYKG/61mTS4S5joIMjTvhUv2z3WcosKIGSDxEbQw3fKkeb7MScY65MH/m,0,1729500,480.4166666666667,14400.0,1729500,61.77645
49,14700,QdbZeJFmsJ3euIQ4lwW63NwFEP+QIirT4QbI0jEGr4dpkOet8p3iQSHAEm1gKWnR,2.3261871,4.702686,3.4975286,V0AP5z7oYKG/61mTS4S5joIMjTvhUv2z3WcosKIGSDxEbQw3fKkeb7MScY65MH/m,0,1729500,480.4166666666667,14700.0,1729500,61.77645
50,15000,QdbZeJFmsJ3euIQ4lwW63NwFEP+QIirT4QbI0jEGr4dpkOet8p3iQSHAEm1gKWnR,2.5480585,6.0390053,3.9391253,V0AP5z7oYKG/61mTS4S5joIMjTvhUv2z3WcosKIGSDxEbQw3fKkeb7MScY65MH/m,0,1729500,480.4166666666667,15000.0,1729500,61.77645
51,15300,QdbZeJFmsJ3euIQ4lwW63NwFEP+QIirT4QbI0jEGr4dpkOet8p3iQSHAEm1gKWnR,2.4099085,4.5111613,3.6260774,V0AP5z7oYKG/61mTS4S5joIMjTvhUv2z3WcosKIGSDxEbQw3fKkeb7MScY65MH/m,0,1729500,480.4166666666667,15300.0,1729500,61.77645
52,15600,QdbZeJFmsJ3euIQ4lwW63NwFEP+QIirT4QbI0jEGr4dpkOet8p3iQSHAEm1gKWnR,2.579962,5.68305,3.6435444,V0AP5z7oYKG/61mTS4S5joIMjTvhUv2z3WcosKIGSDxEbQw3fKkeb7MScY65MH/m,0,1729500,480.4166666666667,15600.0,1729500,61.77645
53,15900,QdbZeJFmsJ3euIQ4lwW63NwFEP+QIirT4QbI0jEGr4dpkOet8p3iQSHAEm1gKWnR,2.5220256,4.661711,3.6350894,V0AP5z7oYKG/61mTS4S5joIMjTvhUv2z3WcosKIGSDxEbQw3fKkeb7MScY65MH/m,0,1729500,480.4166666666667,15900.0,1729500,61.77645
54,16200,QdbZeJFmsJ3euIQ4lwW63NwFEP+QIirT4QbI0jEGr4dpkOet8p3iQSHAEm1gKWnR,2.7350616,5.7828274,3.9961505,V0AP5z7oYKG/61mTS4S5joIMjTvhUv2z3WcosKIGSDxEbQw3fKkeb7MScY65MH/m,0,1729500,480.4166666666667,16200.0,1729500,61.77645
55,16500,QdbZeJFmsJ3euIQ4lwW63NwFEP+QIirT4QbI0jEGr4dpkOet8p3iQSHAEm1gKWnR,2.886853,7.5940084,3.93162,V0AP5z7oYKG/61mTS4S5joIMjTvhUv2z3WcosKIGSDxEbQw3fKkeb7MScY65MH/m,0,1729500,480.4166666666667,16500.0,1729500,61.77645
56,16800,QdbZeJFmsJ3euIQ4lwW63NwFEP+QIirT4QbI0jEGr4dpkOet8p3iQSHAEm1gKWnR,2.5380392,5.7095723,4.0240984,V0AP5z7oYKG/61mTS4S5joIMjTvhUv2z3WcosKIGSDxEbQw3fKkeb7MScY65MH/m,0,1729500,480.4166666666667,16800.0,1729500,61.77645
57,17100,QdbZeJFmsJ3euIQ4lwW63NwFEP+QIirT4QbI0jEGr4dpkOet8p3iQSHAEm1gKWnR,2.720244,4.9332943,3.6243136,V0AP5z7oYKG/61mTS4S5joIMjTvhUv2z3WcosKIGSDxEbQw3fKkeb7MScY65MH/m,0,1729500,480.4166666666667,17100.0,1729500,61.77645
58,17400,QdbZeJFmsJ3euIQ4lwW63NwFEP+QIirT4QbI0jEGr4dpkOet8p3iQSHAEm1gKWnR,2.5229518,5.804825,3.824901,V0AP5z7oYKG/61mTS4S5joIMjTvhUv2z3WcosKIGSDxEbQw3fKkeb7MScY65MH/m,0,1729500,480.4166666666667,17400.0,1729500,61.77645
59,17700,QdbZeJFmsJ3euIQ4lwW63NwFEP+QIirT4QbI0jEGr4dpkOet8p3iQSHAEm1gKWnR,2.7696288,4.4886646,3.595972,V0AP5z7oYKG/61mTS4S5joIMjTvhUv2z3WcosKIGSDxEbQw3fKkeb7MScY65MH/m,0,1729500,480.4166666666667,17700.0,1729500,61.77645
60,18000,QdbZeJFmsJ3euIQ4lwW63NwFEP+QIirT4QbI0jEGr4dpkOet8p3iQSHAEm1gKWnR,2.6644828,10.204773,5.1286535,V0AP5z7oYKG/61mTS4S5joIMjTvhUv2z3WcosKIGSDxEbQw3fKkeb7MScY65MH/m,0,1729500,480.4166666666667,18000.0,1729500,61.77645
61,18300,QdbZeJFmsJ3euIQ4lwW63NwFEP+QIirT4QbI0jEGr4dpkOet8p3iQSHAEm1gKWnR,2.5822227,4.757835,3.6145377,V0AP5z7oYKG/61mTS4S5joIMjTvhUv2z3WcosKIGSDxEbQw3fKkeb7MScY65MH/m,0,1729500,480.4166666666667,18300.0,1729500,61.77645
62,18600,QdbZeJFmsJ3euIQ4lwW63NwFEP+QIirT4QbI0jEGr4dpkOet8p3iQSHAEm1gKWnR,2.9339142,5.6606126,4.029771,V0AP5z7oYKG/61mTS4S5joIMjTvhUv2z3WcosKIGSDxEbQw3fKkeb7MScY65MH/m,0,1729500,480.4166666666667,18600.0,1729500,61.77645
63,18900,QdbZeJFmsJ3euIQ4lwW63NwFEP+QIirT4QbI0jEGr4dpkOet8p3iQSHAEm1gKWnR,2.647632,4.410388,3.5463514,V0AP5z7oYKG/61mTS4S5joIMjTvhUv2z3WcosKIGSDxEbQw3fKkeb7MScY65MH/m,0,1729500,480.4166666666667,18900.0,1729500,61.77645
64,19200,QdbZeJFmsJ3euIQ4lwW63NwFEP+QIirT4QbI0jEGr4dpkOet8p3iQSHAEm1gKWnR,3.056623,6.413297,3.9253523,V0AP5z7oYKG/61mTS4S5joIMjTvhUv2z3WcosKIGSDxEbQw3fKkeb7MScY65MH/m,0,1729500,480.4166666666667,19200.0,1729500,61.77645
65,19500,QdbZeJFmsJ3euIQ4lwW63NwFEP+QIirT4QbI0jEGr4dpkOet8p3iQSHAEm1gKWnR,2.9565952,4.3248,3.6325412,V0AP5z7oYKG/61mTS4S5joIMjTvhUv2z3WcosKIGSDxEbQw3fKkeb7MScY65MH/m,0,1729500,480.4166666666667,19500.0,1729500,61.77645
66,19800,QdbZeJFmsJ3euIQ4lwW63NwFEP+QIirT4QbI0jEGr4dpkOet8p3iQSHAEm1gKWnR,2.628586,6.5164604,3.8791206,V0AP5z7oYKG/61mTS4S5joIMjTvhUv2z3WcosKIGSDxEbQw3fKkeb7MScY65MH/m,0,1729500,480.4166666666667,19800.0,1729500,61.77645
67,20100,QdbZeJFmsJ3euIQ4lwW63NwFEP+QIirT4QbI0jEGr4dpkOet8p3iQSHAEm1gKWnR,2.7611206,6.3512588,3.813415,V0AP5z7oYKG/61mTS4S5joIMjTvhUv2z3WcosKIGSDxEbQw3fKkeb7MScY65MH/m,0,1729500,480.4166666666667,20100.0,1729500,61.77645
68,20400,QdbZeJFmsJ3euIQ4lwW63NwFEP+QIirT4QbI0jEGr4dpkOet8p3iQSHAEm1gKWnR,2.81169,7.5714564,4.0411396,V0AP5z7oYKG/61mTS4S5joIMjTvhUv2z3WcosKIGSDxEbQw3fKkeb7MScY65MH/m,0,1729500,480.4166666666667,20400.0,1729500,61.77645
69,20700,QdbZeJFmsJ3euIQ4lwW63NwFEP+QIirT4QbI0jEGr4dpkOet8p3iQSHAEm1gKWnR,2.586723,4.8630323,3.6201441,V0AP5z7oYKG/61mTS4S5joIMjTvhUv2z3WcosKIGSDxEbQw3fKkeb7MScY65MH/m,0,1729500,480.4166666666667,20700.0,1729500,61.77645
70,21000,QdbZeJFmsJ3euIQ4lwW63NwFEP+QIirT4QbI0jEGr4dpkOet8p3iQSHAEm1gKWnR,2.4688435,6.5019283,3.88599,V0AP5z7oYKG/61mTS4S5joIMjTvhUv2z3WcosKIGSDxEbQw3fKkeb7MScY65MH/m,0,1729500,480.4166666666667,21000.0,1729500,61.77645
71,21300,QdbZeJFmsJ3euIQ4lwW63NwFEP+QIirT4QbI0jEGr4dpkOet8p3iQSHAEm1gKWnR,2.5699022,5.834794,3.7946453,V0AP5z7oYKG/61mTS4S5joIMjTvhUv2z3WcosKIGSDxEbQw3fKkeb7MScY65MH/m,0,1729500,480.4166666666667,21300.0,1729500,61.77645
72,21600,QdbZeJFmsJ3euIQ4lwW63NwFEP+QIirT4QbI0jEGr4dpkOet8p3iQSHAEm1gKWnR,3.1254714,8.993222,5.495095,V0AP5z7oYKG/61mTS4S5joIMjTvhUv2z3WcosKIGSDxEbQw3fKkeb7MScY65MH/m,0,1729500,480.4166666666667,21600.0,1729500,61.77645
73,21900,QdbZeJFmsJ3euIQ4lwW63NwFEP+QIirT4QbI0jEGr4dpkOet8p3iQSHAEm1gKWnR,2.9438515,4.501176,3.5488956,V0AP5z7oYKG/61mTS4S5joIMjTvhUv2z3WcosKIGSDxEbQw3fKkeb7MScY65MH/m,0,1729500,480.4166666666667,21900.0,1729500,61.77645
74,22200,QdbZeJFmsJ3euIQ4lwW63NwFEP+QIirT4QbI0jEGr4dpkOet8p3iQSHAEm1gKWnR,2.948833,76.60867,17.3267,V0AP5z7oYKG/61mTS4S5joIMjTvhUv2z3WcosKIGSDxEbQw3fKkeb7MScY65MH/m,0,1729500,480.4166666666667,22200.0,1729500,76.60867
75,22500,QdbZeJFmsJ3euIQ4lwW63NwFEP+QIirT4QbI0jEGr4dpkOet8p3iQSHAEm1gKWnR,2.6658924,4.676705,3.6349564,V0AP5z7oYKG/61mTS4S5joIMjTvhUv2z3WcosKIGSDxEbQw3fKkeb7MScY65MH/m,0,1729500,480.4166666666667,22500.0,1729500,76.60867
76,22800,QdbZeJFmsJ3euIQ4lwW63NwFEP+QIirT4QbI0jEGr4dpkOet8p3iQSHAEm1gKWnR,2.5279012,6.994941,3.9310327,V0AP5z7oYKG/61mTS4S5joIMjTvhUv2z3WcosKIGSDxEbQw3fKkeb7MScY65MH/m,0,1729500,480.4166666666667,22800.0,1729500,76.60867
77,23100,QdbZeJFmsJ3euIQ4lwW63NwFEP+QIirT4QbI0jEGr4dpkOet8p3iQSHAEm1gKWnR,2.5617826,4.773019,3.694854,V0AP5z7oYKG/61mTS4S5joIMjTvhUv2z3WcosKIGSDxEbQw3fKkeb7MScY65MH/m,0,1729500,480.4166666666667,23100.0,1729500,76.60867
78,23400,QdbZeJFmsJ3euIQ4lwW63NwFEP+QIirT4QbI0jEGr4dpkOet8p3iQSHAEm1gKWnR,2.7038722,7.5264316,3.9724305,V0AP5z7oYKG/61mTS4S5joIMjTvhUv2z3WcosKIGSDxEbQw3fKkeb7MScY65MH/m,0,1729500,480.4166666666667,23400.0,1729500,76.60867
79,23700,QdbZeJFmsJ3euIQ4lwW63NwFEP+QIirT4QbI0jEGr4dpkOet8p3iQSHAEm1gKWnR,2.592802,7.1714973,3.8839107,V0AP5z7oYKG/61mTS4S5joIMjTvhUv2z3WcosKIGSDxEbQw3fKkeb7MScY65MH/m,0,1729500,480.4166666666667,23700.0,1729500,76.60867
80,24000,QdbZeJFmsJ3euIQ4lwW63NwFEP+QIirT4QbI0jEGr4dpkOet8p3iQSHAEm1gKWnR,3.0949814,7.494513,4.068411,V0AP5z7oYKG/61mTS4S5joIMjTvhUv2z3WcosKIGSDxEbQw3fKkeb7MScY65MH/m,0,1729500,480.4166666666667,24000.0,1729500,76.60867
81,24300,QdbZeJFmsJ3euIQ4lwW63NwFEP+QIirT4QbI0jEGr4dpkOet8p3iQSHAEm1gKWnR,2.485128,4.3387923,3.626124,V0AP5z7oYKG/61mTS4S5joIMjTvhUv2z3WcosKIGSDxEbQw3fKkeb7MScY65MH/m,0,1729500,480.4166666666667,24300.0,1729500,76.60867
82,24600,QdbZeJFmsJ3euIQ4lwW63NwFEP+QIirT4QbI0jEGr4dpkOet8p3iQSHAEm1gKWnR,2.7611077,6.694678,3.8019955,V0AP5z7oYKG/61mTS4S5joIMjTvhUv2z3WcosKIGSDxEbQw3fKkeb7MScY65MH/m,0,1729500,480.4166666666667,24600.0,1729500,76.60867
83,24900,QdbZeJFmsJ3euIQ4lwW63NwFEP+QIirT4QbI0jEGr4dpkOet8p3iQSHAEm1gKWnR,2.6977088,4.886646,3.7005465,V0AP5z7oYKG/61mTS4S5joIMjTvhUv2z3WcosKIGSDxEbQw3fKkeb7MScY65MH/m,0,1729500,480.4166666666667,24900.0,1729500,76.60867
84,25200,QdbZeJFmsJ3euIQ4lwW63NwFEP+QIirT4QbI0jEGr4dpkOet8p3iQSHAEm1gKWnR,2.856061,22.99714,6.0827174,V0AP5z7oYKG/61mTS4S5joIMjTvhUv2z3WcosKIGSDxEbQw3fKkeb7MScY65MH/m,0,1729500,480.4166666666667,25200.0,1729500,76.60867
85,25500,QdbZeJFmsJ3euIQ4lwW63NwFEP+QIirT4QbI0jEGr4dpkOet8p3iQSHAEm1gKWnR,2.320213,7.7920303,4.3811374,V0AP5z7oYKG/61mTS4S5joIMjTvhUv2z3WcosKIGSDxEbQw3fKkeb7MScY65MH/m,0,1729500,480.4166666666667,25500.0,1729500,76.60867
86,25800,QdbZeJFmsJ3euIQ4lwW63NwFEP+QIirT4QbI0jEGr4dpkOet8p3iQSHAEm1gKWnR,2.547087,5.5962744,4.020535,V0AP5z7oYKG/61mTS4S5joIMjTvhUv2z3WcosKIGSDxEbQw3fKkeb7MScY65MH/m,0,1729500,480.4166666666667,25800.0,1729500,76.60867
87,26100,QdbZeJFmsJ3euIQ4lwW63NwFEP+QIirT4QbI0jEGr4dpkOet8p3iQSHAEm1gKWnR,2.431826,21.838287,5.1294465,V0AP5z7oYKG/61mTS4S5joIMjTvhUv2z3WcosKIGSDxEbQw3fKkeb7MScY65MH/m,0,1729500,480.4166666666667,26100.0,1729500,76.60867
88,26400,QdbZeJFmsJ3euIQ4lwW63NwFEP+QIirT4QbI0jEGr4dpkOet8p3iQSHAEm1gKWnR,2.40146,5.354208,3.8232865,V0AP5z7oYKG/61mTS4S5joIMjTvhUv2z3WcosKIGSDxEbQw3fKkeb7MScY65MH/m,0,1729500,480.4166666666667,26400.0,1729500,76.60867
89,26700,QdbZeJFmsJ3euIQ4lwW63NwFEP+QIirT4QbI0jEGr4dpkOet8p3iQSHAEm1gKWnR,2.778855,4.9047666,3.6576502,V0AP5z7oYKG/61mTS4S5joIMjTvhUv2z3WcosKIGSDxEbQw3fKkeb7MScY65MH/m,0,1729500,480.4166666666667,26700.0,1729500,76.60867
90,27000,QdbZeJFmsJ3euIQ4lwW63NwFEP+QIirT4QbI0jEGr4dpkOet8p3iQSHAEm1gKWnR,2.3912377,5.976261,3.8809168,V0AP5z7oYKG/61mTS4S5joIMjTvhUv2z3WcosKIGSDxEbQw3fKkeb7MScY65MH/m,0,1729500,480.4166666666667,27000.0,1729500,76.60867
91,27300,QdbZeJFmsJ3euIQ4lwW63NwFEP+QIirT4QbI0jEGr4dpkOet8p3iQSHAEm1gKWnR,2.468567,6.0873957,3.7862334,V0AP5z7oYKG/61mTS4S5joIMjTvhUv2z3WcosKIGSDxEbQw3fKkeb7MScY65MH/m,0,1729500,480.4166666666667,27300.0,1729500,76.60867
92,27600,QdbZeJFmsJ3euIQ4lwW63NwFEP+QIirT4QbI0jEGr4dpkOet8p3iQSHAEm1gKWnR,2.3795002,5.022858,3.8797038,V0AP5z7oYKG/61mTS4S5joIMjTvhUv2z3WcosKIGSDxEbQw3fKkeb7MScY65MH/m,0,1729500,480.4166666666667,27600.0,1729500,76.60867
93,27900,QdbZeJFmsJ3euIQ4lwW63NwFEP+QIirT4QbI0jEGr4dpkOet8p3iQSHAEm1gKWnR,2.4609475,5.250394,3.6772897,V0AP5z7oYKG/61mTS4S5joIMjTvhUv2z3WcosKIGSDxEbQw3fKkeb7MScY65MH/m,0,1729500,480.4166666666667,27900.0,1729500,76.60867
94,28200,QdbZeJFmsJ3euIQ4lwW63NwFEP+QIirT4QbI0jEGr4dpkOet8p3iQSHAEm1gKWnR,2.5923278,5.7424326,3.8332114,V0AP5z7oYKG/61mTS4S5joIMjTvhUv2z3WcosKIGSDxEbQw3fKkeb7MScY65MH/m,0,1729500,480.4166666666667,28200.0,1729500,76.60867
95,28500,QdbZeJFmsJ3euIQ4lwW63NwFEP+QIirT4QbI0jEGr4dpkOet8p3iQSHAEm1gKWnR,3.0563207,4.583312,3.7503698,V0AP5z7oYKG/61mTS4S5joIMjTvhUv2z3WcosKIGSDxEbQw3fKkeb7MScY65MH/m,0,1729500,480.4166666666667,28500.0,1729500,76.60867
96,28800,QdbZeJFmsJ3euIQ4lwW63NwFEP+QIirT4QbI0jEGr4dpkOet8p3iQSHAEm1gKWnR,2.73546,5.8884335,4.030131,V0AP5z7oYKG/61mTS4S5joIMjTvhUv2z3WcosKIGSDxEbQw3fKkeb7MScY65MH/m,0,1729500,480.4166666666667,28800.0,1729500,76.60867
97,29100,QdbZeJFmsJ3euIQ4lwW63NwFEP+QIirT4QbI0jEGr4dpkOet8p3iQSHAEm1gKWnR,3.000579,8.801247,4.75772,V0AP5z7oYKG/61mTS4S5joIMjTvhUv2z3WcosKIGSDxEbQw3fKkeb7MScY65MH/m,0,1729500,480.4166666666667,29100.0,1729500,76.60867
98,29400,QdbZeJFmsJ3euIQ4lwW63NwFEP+QIirT4QbI0jEGr4dpkOet8p3iQSHAEm1gKWnR,2.8182058,6.2418,4.0709643,V0AP5z7oYKG/61mTS4S5joIMjTvhUv2z3WcosKIGSDxEbQw3fKkeb7MScY65MH/m,0,1729500,480.4166666666667,29400.0,1729500,76.60867
99,29700,QdbZeJFmsJ3euIQ4lwW63NwFEP+QIirT4QbI0jEGr4dpkOet8p3iQSHAEm1gKWnR,2.7058632,4.640535,3.5817044,V0AP5z7oYKG/61mTS4S5joIMjTvhUv2z3WcosKIGSDxEbQw3fKkeb7MScY65MH/m,0,1729500,480.4166666666667,29700.0,1729500,76.60867
100,30000,QdbZeJFmsJ3euIQ4lwW63NwFEP+QIirT4QbI0jEGr4dpkOet8p3iQSHAEm1gKWnR,2.9144213,5.3674793,3.9156644,V0AP5z7oYKG/61mTS4S5joIMjTvhUv2z3WcosKIGSDxEbQw3fKkeb7MScY65MH/m,0,1729500,480.4166666666667,30000.0,1729500,76.60867
101,30300,QdbZeJFmsJ3euIQ4lwW63NwFEP+QIirT4QbI0jEGr4dpkOet8p3iQSHAEm1gKWnR,2.6150382,4.272894,3.6245081,V0AP5z7oYKG/61mTS4S5joIMjTvhUv2z3WcosKIGSDxEbQw3fKkeb7MScY65MH/m,0,1729500,480.4166666666667,30300.0,1729500,76.60867
102,30600,QdbZeJFmsJ3euIQ4lwW63NwFEP+QIirT4QbI0jEGr4dpkOet8p3iQSHAEm1gKWnR,2.57362,5.467276,3.9393315,V0AP5z7oYKG/61mTS4S5joIMjTvhUv2z3WcosKIGSDxEbQw3fKkeb7MScY65MH/m,0,1729500,480.4166666666667,30600.0,1729500,76.60867
103,30900,QdbZeJFmsJ3euIQ4lwW63NwFEP+QIirT4QbI0jEGr4dpkOet8p3iQSHAEm1gKWnR,2.5954456,6.5775185,3.8100164,V0AP5z7oYKG/61mTS4S5joIMjTvhUv2z3WcosKIGSDxEbQw3fKkeb7MScY65MH/m,0,1729500,480.4166666666667,30900.0,1729500,76.60867
104,31200,QdbZeJFmsJ3euIQ4lwW63NwFEP+QIirT4QbI0jEGr4dpkOet8p3iQSHAEm1gKWnR,2.9332807,5.7476,3.998232,V0AP5z7oYKG/61mTS4S5joIMjTvhUv2z3WcosKIGSDxEbQw3fKkeb7MScY65MH/m,0,1729500,480.4166666666667,31200.0,1729500,76.60867
105,31500,QdbZeJFmsJ3euIQ4lwW63NwFEP+QIirT4QbI0jEGr4dpkOet8p3iQSHAEm1gKWnR,2.5856533,4.377859,3.5744462,V0AP5z7oYKG/61mTS4S5joIMjTvhUv2z3WcosKIGSDxEbQw3fKkeb7MScY65MH/m,0,1729500,480.4166666666667,31500.0,1729500,76.60867
106,31800,QdbZeJFmsJ3euIQ4lwW63NwFEP+QIirT4QbI0jEGr4dpkOet8p3iQSHAEm1gKWnR,2.8351245,4.9281254,3.7441933,V0AP5z7oYKG/61mTS4S5joIMjTvhUv2z3WcosKIGSDxEbQw3fKkeb7MScY65MH/m,0,1729500,480.4166666666667,31800.0,1729500,76.60867
107,32100,QdbZeJFmsJ3euIQ4lwW63NwFEP+QIirT4QbI0jEGr4dpkOet8p3iQSHAEm1gKWnR,3.2007957,4.8188844,3.7285204,V0AP5z7oYKG/61mTS4S5joIMjTvhUv2z3WcosKIGSDxEbQw3fKkeb7MScY65MH/m,0,1729500,480.4166666666667,32100.0,1729500,76.60867
108,32400,QdbZeJFmsJ3euIQ4lwW63NwFEP+QIirT4QbI0jEGr4dpkOet8p3iQSHAEm1gKWnR,3.0494447,5.656882,3.988519,V0AP5z7oYKG/61mTS4S5joIMjTvhUv2z3WcosKIGSDxEbQw3fKkeb7MScY65MH/m,0,1729500,480.4166666666667,32400.0,1729500,76.60867
109,32700,QdbZeJFmsJ3euIQ4lwW63NwFEP+QIirT4QbI0jEGr4dpkOet8p3iQSHAEm1gKWnR,2.8326225,27.10123,6.9775662,V0AP5z7oYKG/61mTS4S5joIMjTvhUv2z3WcosKIGSDxEbQw3fKkeb7MScY65MH/m,0,1729500,480.4166666666667,32700.0,1729500,76.60867
110,33000,QdbZeJFmsJ3euIQ4lwW63NwFEP+QIirT4QbI0jEGr4dpkOet8p3iQSHAEm1gKWnR,2.6906142,5.7427945,3.9625654,V0AP5z7oYKG/61mTS4S5joIMjTvhUv2z3WcosKIGSDxEbQw3fKkeb7MScY65MH/m,0,1729500,480.4166666666667,33000.0,1729500,76.60867
111,33300,QdbZeJFmsJ3euIQ4lwW63NwFEP+QIirT4QbI0jEGr4dpkOet8p3iQSHAEm1gKWnR,2.916348,4.651121,3.548362,V0AP5z7oYKG/61mTS4S5joIMjTvhUv2z3WcosKIGSDxEbQw3fKkeb7MScY65MH/m,0,1729500,480.4166666666667,33300.0,1729500,76.60867
112,33600,QdbZeJFmsJ3euIQ4lwW63NwFEP+QIirT4QbI0jEGr4dpkOet8p3iQSHAEm1gKWnR,2.795387,5.2041855,3.8480322,V0AP5z7oYKG/61mTS4S5joIMjTvhUv2z3WcosKIGSDxEbQw3fKkeb7MScY65MH/m,0,1729500,480.4166666666667,33600.0,1729500,76.60867
113,33900,QdbZeJFmsJ3euIQ4lwW63NwFEP+QIirT4QbI0jEGr4dpkOet8p3iQSHAEm1gKWnR,2.5056548,4.4726305,3.5601542,V0AP5z7oYKG/61mTS4S5joIMjTvhUv2z3WcosKIGSDxEbQw3fKkeb7MScY65MH/m,0,1729500,480.4166666666667,33900.0,1729500,76.60867
114,34200,QdbZeJFmsJ3euIQ4lwW63NwFEP+QIirT4QbI0jEGr4dpkOet8p3iQSHAEm1gKWnR,2.668098,5.726495,3.7794447,V0AP5z7oYKG/61mTS4S5joIMjTvhUv2z3WcosKIGSDxEbQw3fKkeb7MScY65MH/m,0,1729500,480.4166666666667,34200.0,1729500,76.60867
115,34500,QdbZeJFmsJ3euIQ4lwW63NwFEP+QIirT4QbI0jEGr4dpkOet8p3iQSHAEm1gKWnR,2.7440317,5.6860895,3.7158947,V0AP5z7oYKG/61mTS4S5joIMjTvhUv2z3WcosKIGSDxEbQw3fKkeb7MScY65MH/m,0,1729500,480.4166666666667,34500.0,1729500,76.60867
116,34800,QdbZeJFmsJ3euIQ4lwW63NwFEP+QIirT4QbI0jEGr4dpkOet8p3iQSHAEm1gKWnR,2.7516525,5.7109413,3.8242004,V0AP5z7oYKG/61mTS4S5joIMjTvhUv2z3WcosKIGSDxEbQw3fKkeb7MScY65MH/m,0,1729500,480.4166666666667,34800.0,1729500,76.60867
117,35100,QdbZeJFmsJ3euIQ4lwW63NwFEP+QIirT4QbI0jEGr4dpkOet8p3iQSHAEm1gKWnR,2.3796825,4.1515613,3.5376637,V0AP5z7oYKG/61mTS4S5joIMjTvhUv2z3WcosKIGSDxEbQw3fKkeb7MScY65MH/m,0,1729500,480.4166666666667,35100.0,1729500,76.60867
118,35400,QdbZeJFmsJ3euIQ4lwW63NwFEP+QIirT4QbI0jEGr4dpkOet8p3iQSHAEm1gKWnR,2.535464,5.545051,3.927254,V0AP5z7oYKG/61mTS4S5joIMjTvhUv2z3WcosKIGSDxEbQw3fKkeb7MScY65MH/m,0,1729500,480.4166666666667,35400.0,1729500,76.60867
119,35700,QdbZeJFmsJ3euIQ4lwW63NwFEP+QIirT4QbI0jEGr4dpkOet8p3iQSHAEm1gKWnR,2.9145832,4.303756,3.5903144,V0AP5z7oYKG/61mTS4S5joIMjTvhUv2z3WcosKIGSDxEbQw3fKkeb7MScY65MH/m,0,1729500,480.4166666666667,35700.0,1729500,76.60867
120,36000,QdbZeJFmsJ3euIQ4lwW63NwFEP+QIirT4QbI0jEGr4dpkOet8p3iQSHAEm1gKWnR,2.8797307,5.5205665,3.8479817,V0AP5z7oYKG/61mTS4S5joIMjTvhUv2z3WcosKIGSDxEbQw3fKkeb7MScY65MH/m,0,1729500,480.4166666666667,36000.0,1729500,76.60867
121,36300,QdbZeJFmsJ3euIQ4lwW63NwFEP+QIirT4QbI0jEGr4dpkOet8p3iQSHAEm1gKWnR,2.8954537,8.3662615,4.1492414,V0AP5z7oYKG/61mTS4S5joIMjTvhUv2z3WcosKIGSDxEbQw3fKkeb7MScY65MH/m,0,1729500,480.4166666666667,36300.0,1729500,76.60867
122,36600,QdbZeJFmsJ3euIQ4lwW63NwFEP+QIirT4QbI0jEGr4dpkOet8p3iQSHAEm1gKWnR,2.8372066,43.176357,7.7556615,V0AP5z7oYKG/61mTS4S5joIMjTvhUv2z3WcosKIGSDxEbQw3fKkeb7MScY65MH/m,0,1729500,480.4166666666667,36600.0,1729500,76.60867
123,36900,QdbZeJFmsJ3euIQ4lwW63NwFEP+QIirT4QbI0jEGr4dpkOet8p3iQSHAEm1gKWnR,3.4685564,74.87414,18.455997,V0AP5z7oYKG/61mTS4S5joIMjTvhUv2z3WcosKIGSDxEbQw3fKkeb7MScY65MH/m,0,1729500,480.4166666666667,36900.0,1729500,76.60867
124,37200,QdbZeJFmsJ3euIQ4lwW63NwFEP+QIirT4QbI0jEGr4dpkOet8p3iQSHAEm1gKWnR,3.1965387,6.7584543,4.4386067,V0AP5z7oYKG/61mTS4S5joIMjTvhUv2z3WcosKIGSDxEbQw3fKkeb7MScY65MH/m,0,1729500,480.4166666666667,37200.0,1729500,76.60867
125,37500,QdbZeJFmsJ3euIQ4lwW63NwFEP+QIirT4QbI0jEGr4dpkOet8p3iQSHAEm1gKWnR,3.0177402,5.305741,3.8083014,V0AP5z7oYKG/61mTS4S5joIMjTvhUv2z3WcosKIGSDxEbQw3fKkeb7MScY65MH/m,0,1729500,480.4166666666667,37500.0,1729500,76.60867
126,37800,QdbZeJFmsJ3euIQ4lwW63NwFEP+QIirT4QbI0jEGr4dpkOet8p3iQSHAEm1gKWnR,2.2019577,5.7717304,4.2114577,V0AP5z7oYKG/61mTS4S5joIMjTvhUv2z3WcosKIGSDxEbQw3fKkeb7MScY65MH/m,0,1729500,480.4166666666667,37800.0,1729500,76.60867
127,38100,QdbZeJFmsJ3euIQ4lwW63NwFEP+QIirT4QbI0jEGr4dpkOet8p3iQSHAEm1gKWnR,3.0626462,6.9118814,4.141568,V0AP5z7oYKG/61mTS4S5joIMjTvhUv2z3WcosKIGSDxEbQw3fKkeb7MScY65MH/m,0,1729500,480.4166666666667,38100.0,1729500,76.60867
128,38400,QdbZeJFmsJ3euIQ4lwW63NwFEP+QIirT4QbI0jEGr4dpkOet8p3iQSHAEm1gKWnR,3.4815903,11.974349,7.6721597,V0AP5z7oYKG/61mTS4S5joIMjTvhUv2z3WcosKIGSDxEbQw3fKkeb7MScY65MH/m,0,1729500,480.4166666666667,38400.0,1729500,76.60867
129,38700,QdbZeJFmsJ3euIQ4lwW63NwFEP+QIirT4QbI0jEGr4dpkOet8p3iQSHAEm1gKWnR,3.2264633,5.043569,4.177693,V0AP5z7oYKG/61mTS4S5joIMjTvhUv2z3WcosKIGSDxEbQw3fKkeb7MScY65MH/m,0,1729500,480.4166666666667,38700.0,1729500,76.60867
130,39000,QdbZeJFmsJ3euIQ4lwW63NwFEP+QIirT4QbI0jEGr4dpkOet8p3iQSHAEm1gKWnR,2.9421816,5.901835,4.3026557,V0AP5z7oYKG/61mTS4S5joIMjTvhUv2z3WcosKIGSDxEbQw3fKkeb7MScY65MH/m,0,1729500,480.4166666666667,39000.0,1729500,76.60867
131,39300,QdbZeJFmsJ3euIQ4lwW63NwFEP+QIirT4QbI0jEGr4dpkOet8p3iQSHAEm1gKWnR,2.6081946,5.360632,3.8061013,V0AP5z7oYKG/61mTS4S5joIMjTvhUv2z3WcosKIGSDxEbQw3fKkeb7MScY65MH/m,0,1729500,480.4166666666667,39300.0,1729500,76.60867
132,39600,QdbZeJFmsJ3euIQ4lwW63NwFEP+QIirT4QbI0jEGr4dpkOet8p3iQSHAEm1gKWnR,2.8111026,24.531733,5.662125,V0AP5z7oYKG/61mTS4S5joIMjTvhUv2z3WcosKIGSDxEbQw3fKkeb7MScY65MH/m,0,1729500,480.4166666666667,39600.0,1729500,76.60867
133,39900,QdbZeJFmsJ3euIQ4lwW63NwFEP+QIirT4QbI0jEGr4dpkOet8p3iQSHAEm1gKWnR,2.4615839,4.5189047,3.5453064,V0AP5z7oYKG/61mTS4S5joIMjTvhUv2z3WcosKIGSDxEbQw3fKkeb7MScY65MH/m,0,1729500,480.4166666666667,39900.0,1729500,76.60867
134,40200,QdbZeJFmsJ3euIQ4lwW63NwFEP+QIirT4QbI0jEGr4dpkOet8p3iQSHAEm1gKWnR,2.712506,8.79288,5.014695,V0AP5z7oYKG/61mTS4S5joIMjTvhUv2z3WcosKIGSDxEbQw3fKkeb7MScY65MH/m,0,1729500,480.4166666666667,40200.0,1729500,76.60867
135,40500,QdbZeJFmsJ3euIQ4lwW63NwFEP+QIirT4QbI0jEGr4dpkOet8p3iQSHAEm1gKWnR,2.4623742,4.5404634,3.5270803,V0AP5z7oYKG/61mTS4S5joIMjTvhUv2z3WcosKIGSDxEbQw3fKkeb7MScY65MH/m,0,1729500,480.4166666666667,40500.0,1729500,76.60867
136,40800,QdbZeJFmsJ3euIQ4lwW63NwFEP+QIirT4QbI0jEGr4dpkOet8p3iQSHAEm1gKWnR,2.6697452,5.4364347,3.8420691,V0AP5z7oYKG/61mTS4S5joIMjTvhUv2z3WcosKIGSDxEbQw3fKkeb7MScY65MH/m,0,1729500,480.4166666666667,40800.0,1729500,76.60867
137,41100,QdbZeJFmsJ3euIQ4lwW63NwFEP+QIirT4QbI0jEGr4dpkOet8p3iQSHAEm1gKWnR,2.398828,4.978647,3.4985101,V0AP5z7oYKG/61mTS4S5joIMjTvhUv2z3WcosKIGSDxEbQw3fKkeb7MScY65MH/m,0,1729500,480.4166666666667,41100.0,1729500,76.60867
138,41400,QdbZeJFmsJ3euIQ4lwW63NwFEP+QIirT4QbI0jEGr4dpkOet8p3iQSHAEm1gKWnR,2.5664024,5.7798996,3.6695154,V0AP5z7oYKG/61mTS4S5joIMjTvhUv2z3WcosKIGSDxEbQw3fKkeb7MScY65MH/m,0,1729500,480.4166666666667,41400.0,1729500,76.60867
139,41700,QdbZeJFmsJ3euIQ4lwW63NwFEP+QIirT4QbI0jEGr4dpkOet8p3iQSHAEm1gKWnR,2.5460787,5.8339024,3.7534,V0AP5z7oYKG/61mTS4S5joIMjTvhUv2z3WcosKIGSDxEbQw3fKkeb7MScY65MH/m,0,1729500,480.4166666666667,41700.0,1729500,76.60867
140,42000,QdbZeJFmsJ3euIQ4lwW63NwFEP+QIirT4QbI0jEGr4dpkOet8p3iQSHAEm1gKWnR,2.5113707,6.0783424,3.8204231,V0AP5z7oYKG/61mTS4S5joIMjTvhUv2z3WcosKIGSDxEbQw3fKkeb7MScY65MH/m,0,1729500,480.4166666666667,42000.0,1729500,76.60867
141,42300,QdbZeJFmsJ3euIQ4lwW63NwFEP+QIirT4QbI0jEGr4dpkOet8p3iQSHAEm1gKWnR,2.4506867,4.465372,3.5776408,V0AP5z7oYKG/61mTS4S5joIMjTvhUv2z3WcosKIGSDxEbQw3fKkeb7MScY65MH/m,0,1729500,480.4166666666667,42300.0,1729500,76.60867
142,42600,QdbZeJFmsJ3euIQ4lwW63NwFEP+QIirT4QbI0jEGr4dpkOet8p3iQSHAEm1gKWnR,2.5220788,4.9308596,3.8159926,V0AP5z7oYKG/61mTS4S5joIMjTvhUv2z3WcosKIGSDxEbQw3fKkeb7MScY65MH/m,0,1729500,480.4166666666667,42600.0,1729500,76.60867
143,42900,QdbZeJFmsJ3euIQ4lwW63NwFEP+QIirT4QbI0jEGr4dpkOet8p3iQSHAEm1gKWnR,2.7799323,4.5569906,3.5548873,V0AP5z7oYKG/61mTS4S5joIMjTvhUv2z3WcosKIGSDxEbQw3fKkeb7MScY65MH/m,0,1729500,480.4166666666667,42900.0,1729500,76.60867
144,43200,QdbZeJFmsJ3euIQ4lwW63NwFEP+QIirT4QbI0jEGr4dpkOet8p3iQSHAEm1gKWnR,2.1947517,5.404671,3.9120383,V0AP5z7oYKG/61mTS4S5joIMjTvhUv2z3WcosKIGSDxEbQw3fKkeb7MScY65MH/m,0,1729500,480.4166666666667,43200.0,1729500,76.60867
145,43500,QdbZeJFmsJ3euIQ4lwW63NwFEP+QIirT4QbI0jEGr4dpkOet8p3iQSHAEm1gKWnR,2.6122038,4.190442,3.4976346,V0AP5z7oYKG/61mTS4S5joIMjTvhUv2z3WcosKIGSDxEbQw3fKkeb7MScY65MH/m,0,1729500,480.4166666666667,43500.0,1729500,76.60867
146,43800,QdbZeJFmsJ3euIQ4lwW63NwFEP+QIirT4QbI0jEGr4dpkOet8p3iQSHAEm1gKWnR,2.818472,9.788529,5.0140834,V0AP5z7oYKG/61mTS4S5joIMjTvhUv2z3WcosKIGSDxEbQw3fKkeb7MScY65MH/m,0,1729500,480.4166666666667,43800.0,1729500,76.60867
147,44100,QdbZeJFmsJ3euIQ4lwW63NwFEP+QIirT4QbI0jEGr4dpkOet8p3iQSHAEm1gKWnR,2.7758322,5.1897664,3.6510284,V0AP5z7oYKG/61mTS4S5joIMjTvhUv2z3WcosKIGSDxEbQw3fKkeb7MScY65MH/m,0,1729500,480.4166666666667,44100.0,1729500,76.60867
148,44400,QdbZeJFmsJ3euIQ4lwW63NwFEP+QIirT4QbI0jEGr4dpkOet8p3iQSHAEm1gKWnR,2.7844665,5.9024034,3.7925882,V0AP5z7oYKG/61mTS4S5joIMjTvhUv2z3WcosKIGSDxEbQw3fKkeb7MScY65MH/m,0,1729500,480.4166666666667,44400.0,1729500,76.60867
149,44700,QdbZeJFmsJ3euIQ4lwW63NwFEP+QIirT4QbI0jEGr4dpkOet8p3iQSHAEm1gKWnR,2.5822082,4.499527,3.524585,V0AP5z7oYKG/61mTS4S5joIMjTvhUv2z3WcosKIGSDxEbQw3fKkeb7MScY65MH/m,0,1729500,480.4166666666667,44700.0,1729500,76.60867
150,45000,QdbZeJFmsJ3euIQ4lwW63NwFEP+QIirT4QbI0jEGr4dpkOet8p3iQSHAEm1gKWnR,2.4407701,5.4372687,3.8619578,V0AP5z7oYKG/61mTS4S5joIMjTvhUv2z3WcosKIGSDxEbQw3fKkeb7MScY65MH/m,0,1729500,480.4166666666667,45000.0,1729500,76.60867
151,45300,QdbZeJFmsJ3euIQ4lwW63NwFEP+QIirT4QbI0jEGr4dpkOet8p3iQSHAEm1gKWnR,2.5936632,6.6250696,3.7499127,V0AP5z7oYKG/61mTS4S5joIMjTvhUv2z3WcosKIGSDxEbQw3fKkeb7MScY65MH/m,0,1729500,480.4166666666667,45300.0,1729500,76.60867
152,45600,QdbZeJFmsJ3euIQ4lwW63NwFEP+QIirT4QbI0jEGr4dpkOet8p3iQSHAEm1gKWnR,2.724618,5.363182,3.7938669,V0AP5z7oYKG/61mTS4S5joIMjTvhUv2z3WcosKIGSDxEbQw3fKkeb7MScY65MH/m,0,1729500,480.4166666666667,45600.0,1729500,76.60867
153,45900,QdbZeJFmsJ3euIQ4lwW63NwFEP+QIirT4QbI0jEGr4dpkOet8p3iQSHAEm1gKWnR,2.4015574,4.8274946,3.534875,V0AP5z7oYKG/61mTS4S5joIMjTvhUv2z3WcosKIGSDxEbQw3fKkeb7MScY65MH/m,0,1729500,480.4166666666667,45900.0,1729500,76.60867
154,46200,QdbZeJFmsJ3euIQ4lwW63NwFEP+QIirT4QbI0jEGr4dpkOet8p3iQSHAEm1gKWnR,2.9866884,5.312515,3.7498376,V0AP5z7oYKG/61mTS4S5joIMjTvhUv2z3WcosKIGSDxEbQw3fKkeb7MScY65MH/m,0,1729500,480.4166666666667,46200.0,1729500,76.60867
155,46500,QdbZeJFmsJ3euIQ4lwW63NwFEP+QIirT4QbI0jEGr4dpkOet8p3iQSHAEm1gKWnR,2.7637494,4.176521,3.533887,V0AP5z7oYKG/61mTS4S5joIMjTvhUv2z3WcosKIGSDxEbQw3fKkeb7MScY65MH/m,0,1729500,480.4166666666667,46500.0,1729500,76.60867
156,46800,QdbZeJFmsJ3euIQ4lwW63NwFEP+QIirT4QbI0jEGr4dpkOet8p3iQSHAEm1gKWnR,2.4382794,5.5888596,3.7686105,V0AP5z7oYKG/61mTS4S5joIMjTvhUv2z3WcosKIGSDxEbQw3fKkeb7MScY65MH/m,0,1729500,480.4166666666667,46800.0,1729500,76.60867
157,47100,QdbZeJFmsJ3euIQ4lwW63NwFEP+QIirT4QbI0jEGr4dpkOet8p3iQSHAEm1gKWnR,2.3271766,4.649616,3.399212,V0AP5z7oYKG/61mTS4S5joIMjTvhUv2z3WcosKIGSDxEbQw3fKkeb7MScY65MH/m,0,1729500,480.4166666666667,47100.0,1729500,76.60867
158,47400,QdbZeJFmsJ3euIQ4lwW63NwFEP+QIirT4QbI0jEGr4dpkOet8p3iQSHAEm1gKWnR,2.8579333,37.678963,8.733651,V0AP5z7oYKG/61mTS4S5joIMjTvhUv2z3WcosKIGSDxEbQw3fKkeb7MScY65MH/m,0,1729500,480.4166666666667,47400.0,1729500,76.60867
159,47700,QdbZeJFmsJ3euIQ4lwW63NwFEP+QIirT4QbI0jEGr4dpkOet8p3iQSHAEm1gKWnR,2.7535362,5.3365984,3.6193118,V0AP5z7oYKG/61mTS4S5joIMjTvhUv2z3WcosKIGSDxEbQw3fKkeb7MScY65MH/m,0,1729500,480.4166666666667,47700.0,1729500,76.60867
160,48000,QdbZeJFmsJ3euIQ4lwW63NwFEP+QIirT4QbI0jEGr4dpkOet8p3iQSHAEm1gKWnR,2.382824,5.476781,3.8234117,V0AP5z7oYKG/61mTS4S5joIMjTvhUv2z3WcosKIGSDxEbQw3fKkeb7MScY65MH/m,0,1729500,480.4166666666667,48000.0,1729500,76.60867
161,48300,QdbZeJFmsJ3euIQ4lwW63NwFEP+QIirT4QbI0jEGr4dpkOet8p3iQSHAEm1gKWnR,2.8814032,4.371302,3.4842262,V0AP5z7oYKG/61mTS4S5joIMjTvhUv2z3WcosKIGSDxEbQw3fKkeb7MScY65MH/m,0,1729500,480.4166666666667,48300.0,1729500,76.60867
162,48600,QdbZeJFmsJ3euIQ4lwW63NwFEP+QIirT4QbI0jEGr4dpkOet8p3iQSHAEm1gKWnR,2.8799825,5.9795566,3.789711,V0AP5z7oYKG/61mTS4S5joIMjTvhUv2z3WcosKIGSDxEbQw3fKkeb7MScY65MH/m,0,1729500,480.4166666666667,48600.0,1729500,76.60867
163,48900,QdbZeJFmsJ3euIQ4lwW63NwFEP+QIirT4QbI0jEGr4dpkOet8p3iQSHAEm1gKWnR,2.635458,6.932528,3.7270584,V0AP5z7oYKG/61mTS4S5joIMjTvhUv2z3WcosKIGSDxEbQw3fKkeb7MScY65MH/m,0,1729500,480.4166666666667,48900.0,1729500,76.60867
164,49200,QdbZeJFmsJ3euIQ4lwW63NwFEP+QIirT4QbI0jEGr4dpkOet8p3iQSHAEm1gKWnR,2.8204727,6.3654957,3.9583886,V0AP5z7oYKG/61mTS4S5joIMjTvhUv2z3WcosKIGSDxEbQw3fKkeb7MScY65MH/m,0,1729500,480.4166666666667,49200.0,1729500,76.60867
165,49500,QdbZeJFmsJ3euIQ4lwW63NwFEP+QIirT4QbI0jEGr4dpkOet8p3iQSHAEm1gKWnR,2.5413477,4.251527,3.4843245,V0AP5z7oYKG/61mTS4S5joIMjTvhUv2z3WcosKIGSDxEbQw3fKkeb7MScY65MH/m,0,1729500,480.4166666666667,49500.0,1729500,76.60867
166,49800,QdbZeJFmsJ3euIQ4lwW63NwFEP+QIirT4QbI0jEGr4dpkOet8p3iQSHAEm1gKWnR,2.7246528,5.8859916,3.8260863,V0AP5z7oYKG/61mTS4S5joIMjTvhUv2z3WcosKIGSDxEbQw3fKkeb7MScY65MH/m,0,1729500,480.4166666666667,49800.0,1729500,76.60867
167,50100,QdbZeJFmsJ3euIQ4lwW63NwFEP+QIirT4QbI0jEGr4dpkOet8p3iQSHAEm1gKWnR,2.8913028,4.432302,3.4212182,V0AP5z7oYKG/61mTS4S5joIMjTvhUv2z3WcosKIGSDxEbQw3fKkeb7MScY65MH/m,0,1729500,480.4166666666667,50100.0,1729500,76.60867
168,50400,QdbZeJFmsJ3euIQ4lwW63NwFEP+QIirT4QbI0jEGr4dpkOet8p3iQSHAEm1gKWnR,2.384057,5.403789,3.8020718,V0AP5z7oYKG/61mTS4S5joIMjTvhUv2z3WcosKIGSDxEbQw3fKkeb7MScY65MH/m,0,1729500,480.4166666666667,50400.0,1729500,76.60867
169,50700,QdbZeJFmsJ3euIQ4lwW63NwFEP+QIirT4QbI0jEGr4dpkOet8p3iQSHAEm1gKWnR,2.8339138,4.561133,3.545105,V0AP5z7oYKG/61mTS4S5joIMjTvhUv2z3WcosKIGSDxEbQw3fKkeb7MScY65MH/m,0,1729500,480.4166666666667,50700.0,1729500,76.60867
170,51000,QdbZeJFmsJ3euIQ4lwW63NwFEP+QIirT4QbI0jEGr4dpkOet8p3iQSHAEm1gKWnR,2.7704425,5.9479785,3.860264,V0AP5z7oYKG/61mTS4S5joIMjTvhUv2z3WcosKIGSDxEbQw3fKkeb7MScY65MH/m,0,1729500,480.4166666666667,51000.0,1729500,76.60867
171,51300,QdbZeJFmsJ3euIQ4lwW63NwFEP+QIirT4QbI0jEGr4dpkOet8p3iQSHAEm1gKWnR,2.408285,77.75953,17.8426,V0AP5z7oYKG/61mTS4S5joIMjTvhUv2z3WcosKIGSDxEbQw3fKkeb7MScY65MH/m,0,1729500,480.4166666666667,51300.0,1729500,77.75953
172,51600,QdbZeJFmsJ3euIQ4lwW63NwFEP+QIirT4QbI0jEGr4dpkOet8p3iQSHAEm1gKWnR,2.8014216,5.9085703,3.841143,V0AP5z7oYKG/61mTS4S5joIMjTvhUv2z3WcosKIGSDxEbQw3fKkeb7MScY65MH/m,0,1729500,480.4166666666667,51600.0,1729500,77.75953
173,51900,QdbZeJFmsJ3euIQ4lwW63NwFEP+QIirT4QbI0jEGr4dpkOet8p3iQSHAEm1gKWnR,2.3406126,4.649399,3.5804741,V0AP5z7oYKG/61mTS4S5joIMjTvhUv2z3WcosKIGSDxEbQw3fKkeb7MScY65MH/m,0,1729500,480.4166666666667,51900.0,1729500,77.75953
174,52200,QdbZeJFmsJ3euIQ4lwW63NwFEP+QIirT4QbI0jEGr4dpkOet8p3iQSHAEm1gKWnR,2.906949,5.630298,3.8154125,V0AP5z7oYKG/61mTS4S5joIMjTvhUv2z3WcosKIGSDxEbQw3fKkeb7MScY65MH/m,0,1729500,480.4166666666667,52200.0,1729500,77.75953
175,52500,QdbZeJFmsJ3euIQ4lwW63NwFEP+QIirT4QbI0jEGr4dpkOet8p3iQSHAEm1gKWnR,2.5957773,5.729017,3.675961,V0AP5z7oYKG/61mTS4S5joIMjTvhUv2z3WcosKIGSDxEbQw3fKkeb7MScY65MH/m,0,1729500,480.4166666666667,52500.0,1729500,77.75953
176,52800,QdbZeJFmsJ3euIQ4lwW63NwFEP+QIirT4QbI0jEGr4dpkOet8p3iQSHAEm1gKWnR,2.6996994,7.2205095,4.11263,V0AP5z7oYKG/61mTS4S5joIMjTvhUv2z3WcosKIGSDxEbQw3fKkeb7MScY65MH/m,0,1729500,480.4166666666667,52800.0,1729500,77.75953
177,53100,QdbZeJFmsJ3euIQ4lwW63NwFEP+QIirT4QbI0jEGr4dpkOet8p3iQSHAEm1gKWnR,2.7037542,4.296094,3.4958365,V0AP5z7oYKG/61mTS4S5joIMjTvhUv2z3WcosKIGSDxEbQw3fKkeb7MScY65MH/m,0,1729500,480.4166666666667,53100.0,1729500,77.75953
178,53400,QdbZeJFmsJ3euIQ4lwW63NwFEP+QIirT4QbI0jEGr4dpkOet8p3iQSHAEm1gKWnR,2.7724907,5.743066,3.8584685,V0AP5z7oYKG/61mTS4S5joIMjTvhUv2z3WcosKIGSDxEbQw3fKkeb7MScY65MH/m,0,1729500,480.4166666666667,53400.0,1729500,77.75953
179,53700,QdbZeJFmsJ3euIQ4lwW63NwFEP+QIirT4QbI0jEGr4dpkOet8p3iQSHAEm1gKWnR,2.465252,4.1944847,3.5402532,V0AP5z7oYKG/61mTS4S5joIMjTvhUv2z3WcosKIGSDxEbQw3fKkeb7MScY65MH/m,0,1729500,480.4166666666667,53700.0,1729500,77.75953
180,54000,QdbZeJFmsJ3euIQ4lwW63NwFEP+QIirT4QbI0jEGr4dpkOet8p3iQSHAEm1gKWnR,2.7302477,28.997526,5.395604,V0AP5z7oYKG/61mTS4S5joIMjTvhUv2z3WcosKIGSDxEbQw3fKkeb7MScY65MH/m,0,1729500,480.4166666666667,54000.0,1729500,77.75953
181,54300,QdbZeJFmsJ3euIQ4lwW63NwFEP+QIirT4QbI0jEGr4dpkOet8p3iQSHAEm1gKWnR,2.873263,4.3227553,3.5107749,V0AP5z7oYKG/61mTS4S5joIMjTvhUv2z3WcosKIGSDxEbQw3fKkeb7MScY65MH/m,0,1729500,480.4166666666667,54300.0,1729500,77.75953
182,54600,QdbZeJFmsJ3euIQ4lwW63NwFEP+QIirT4QbI0jEGr4dpkOet8p3iQSHAEm1gKWnR,2.7424693,5.918264,3.87922,V0AP5z7oYKG/61mTS4S5joIMjTvhUv2z3WcosKIGSDxEbQw3fKkeb7MScY65MH/m,0,1729500,480.4166666666667,54600.0,1729500,77.75953
183,54900,QdbZeJFmsJ3euIQ4lwW63NwFEP+QIirT4QbI0jEGr4dpkOet8p3iQSHAEm1gKWnR,2.9178216,8.590139,4.8559866,V0AP5z7oYKG/61mTS4S5joIMjTvhUv2z3WcosKIGSDxEbQw3fKkeb7MScY65MH/m,0,1729500,480.4166666666667,54900.0,1729500,77.75953
184,55200,QdbZeJFmsJ3euIQ4lwW63NwFEP+QIirT4QbI0jEGr4dpkOet8p3iQSHAEm1gKWnR,2.6313937,5.547451,3.7806537,V0AP5z7oYKG/61mTS4S5joIMjTvhUv2z3WcosKIGSDxEbQw3fKkeb7MScY65MH/m,0,1729500,480.4166666666667,55200.0,1729500,77.75953
185,55500,QdbZeJFmsJ3euIQ4lwW63NwFEP+QIirT4QbI0jEGr4dpkOet8p3iQSHAEm1gKWnR,2.584713,4.4655676,3.6002202,V0AP5z7oYKG/61mTS4S5joIMjTvhUv2z3WcosKIGSDxEbQw3fKkeb7MScY65MH/m,0,1729500,480.4166666666667,55500.0,1729500,77.75953
186,55800,QdbZeJFmsJ3euIQ4lwW63NwFEP+QIirT4QbI0jEGr4dpkOet8p3iQSHAEm1gKWnR,2.7639909,5.5627966,3.8583803,V0AP5z7oYKG/61mTS4S5joIMjTvhUv2z3WcosKIGSDxEbQw3fKkeb7MScY65MH/m,0,1729500,480.4166666666667,55800.0,1729500,77.75953
187,56100,QdbZeJFmsJ3euIQ4lwW63NwFEP+QIirT4QbI0jEGr4dpkOet8p3iQSHAEm1gKWnR,3.1859257,5.6831355,3.8038516,V0AP5z7oYKG/61mTS4S5joIMjTvhUv2z3WcosKIGSDxEbQw3fKkeb7MScY65MH/m,0,1729500,480.4166666666667,56100.0,1729500,77.75953
188,56400,QdbZeJFmsJ3euIQ4lwW63NwFEP+QIirT4QbI0jEGr4dpkOet8p3iQSHAEm1gKWnR,2.8541517,6.0852127,3.8296356,V0AP5z7oYKG/61mTS4S5joIMjTvhUv2z3WcosKIGSDxEbQw3fKkeb7MScY65MH/m,0,1729500,480.4166666666667,56400.0,1729500,77.75953
189,56700,QdbZeJFmsJ3euIQ4lwW63NwFEP+QIirT4QbI0jEGr4dpkOet8p3iQSHAEm1gKWnR,2.7059324,4.8061366,3.6095638,V0AP5z7oYKG/61mTS4S5joIMjTvhUv2z3WcosKIGSDxEbQw3fKkeb7MScY65MH/m,0,1729500,480.4166666666667,56700.0,1729500,77.75953
190,57000,QdbZeJFmsJ3euIQ4lwW63NwFEP+QIirT4QbI0jEGr4dpkOet8p3iQSHAEm1gKWnR,2.745082,5.2383323,3.7136967,V0AP5z7oYKG/61mTS4S5joIMjTvhUv2z3WcosKIGSDxEbQw3fKkeb7MScY65MH/m,0,1729500,480.4166666666667,57000.0,1729500,77.75953
191,57300,QdbZeJFmsJ3euIQ4lwW63NwFEP+QIirT4QbI0jEGr4dpkOet8p3iQSHAEm1gKWnR,2.8553262,4.478824,3.462567,V0AP5z7oYKG/61mTS4S5joIMjTvhUv2z3WcosKIGSDxEbQw3fKkeb7MScY65MH/m,0,1729500,480.4166666666667,57300.0,1729500,77.75953
192,57600,QdbZeJFmsJ3euIQ4lwW63NwFEP+QIirT4QbI0jEGr4dpkOet8p3iQSHAEm1gKWnR,3.2463217,5.416528,4.0279217,V0AP5z7oYKG/61mTS4S5joIMjTvhUv2z3WcosKIGSDxEbQw3fKkeb7MScY65MH/m,0,1729500,480.4166666666667,57600.0,1729500,77.75953
193,57900,QdbZeJFmsJ3euIQ4lwW63NwFEP+QIirT4QbI0jEGr4dpkOet8p3iQSHAEm1gKWnR,2.7126715,4.271541,3.5038638,V0AP5z7oYKG/61mTS4S5joIMjTvhUv2z3WcosKIGSDxEbQw3fKkeb7MScY65MH/m,0,1729500,480.4166666666667,57900.0,1729500,77.75953
194,58200,QdbZeJFmsJ3euIQ4lwW63NwFEP+QIirT4QbI0jEGr4dpkOet8p3iQSHAEm1gKWnR,2.557687,5.0359774,3.8013484,V0AP5z7oYKG/61mTS4S5joIMjTvhUv2z3WcosKIGSDxEbQw3fKkeb7MScY65MH/m,0,1729500,480.4166666666667,58200.0,1729500,77.75953
195,58500,QdbZeJFmsJ3euIQ4lwW63NwFEP+QIirT4QbI0jEGr4dpkOet8p3iQSHAEm1gKWnR,2.8782146,7.995857,4.682176,V0AP5z7oYKG/61mTS4S5joIMjTvhUv2z3WcosKIGSDxEbQw3fKkeb7MScY65MH/m,0,1729500,480.4166666666667,58500.0,1729500,77.75953
196,58800,QdbZeJFmsJ3euIQ4lwW63NwFEP+QIirT4QbI0jEGr4dpkOet8p3iQSHAEm1gKWnR,2.612412,5.664643,3.8475363,V0AP5z7oYKG/61mTS4S5joIMjTvhUv2z3WcosKIGSDxEbQw3fKkeb7MScY65MH/m,0,1729500,480.4166666666667,58800.0,1729500,77.75953
197,59100,QdbZeJFmsJ3euIQ4lwW63NwFEP+QIirT4QbI0jEGr4dpkOet8p3iQSHAEm1gKWnR,2.9403942,4.7612243,3.6775692,V0AP5z7oYKG/61mTS4S5joIMjTvhUv2z3WcosKIGSDxEbQw3fKkeb7MScY65MH/m,0,1729500,480.4166666666667,59100.0,1729500,77.75953
198,59400,QdbZeJFmsJ3euIQ4lwW63NwFEP+QIirT4QbI0jEGr4dpkOet8p3iQSHAEm1gKWnR,3.0302317,5.3622303,3.9478366,V0AP5z7oYKG/61mTS4S5joIMjTvhUv2z3WcosKIGSDxEbQw3fKkeb7MScY65MH/m,0,1729500,480.4166666666667,59400.0,1729500,77.75953
199,59700,QdbZeJFmsJ3euIQ4lwW63NwFEP+QIirT4QbI0jEGr4dpkOet8p3iQSHAEm1gKWnR,3.0302317,5.3622303,3.9478366,V0AP5z7oYKG/61mTS4S5joIMjTvhUv2z3WcosKIGSDxEbQw3fKkeb7MScY65MH/m,0,1729500,480.4166666666667,59400.0,1729500,77.75953
200,60000,QdbZeJFmsJ3euIQ4lwW63NwFEP+QIirT4QbI0jEGr4dpkOet8p3iQSHAEm1gKWnR,3.0302317,5.3622303,3.9478366,V0AP5z7oYKG/61mTS4S5joIMjTvhUv2z3WcosKIGSDxEbQw3fKkeb7MScY65MH/m,0,1729500,480.4166666666667,59400.0,1729500,77.75953
201,60300,QdbZeJFmsJ3euIQ4lwW63NwFEP+QIirT4QbI0jEGr4dpkOet8p3iQSHAEm1gKWnR,3.0302317,5.3622303,3.9478366,V0AP5z7oYKG/61mTS4S5joIMjTvhUv2z3WcosKIGSDxEbQw3fKkeb7MScY65MH/m,0,1729500,480.4166666666667,59400.0,1729500,77.75953
202,60600,QdbZeJFmsJ3euIQ4lwW63NwFEP+QIirT4QbI0jEGr4dpkOet8p3iQSHAEm1gKWnR,3.0302317,5.3622303,3.9478366,V0AP5z7oYKG/61mTS4S5joIMjTvhUv2z3WcosKIGSDxEbQw3fKkeb7MScY65MH/m,0,1729500,480.4166666666667,59400.0,1729500,77.75953
203,60900,QdbZeJFmsJ3euIQ4lwW63NwFEP+QIirT4QbI0jEGr4dpkOet8p3iQSHAEm1gKWnR,3.0302317,5.3622303,3.9478366,V0AP5z7oYKG/61mTS4S5joIMjTvhUv2z3WcosKIGSDxEbQw3fKkeb7MScY65MH/m,0,1729500,480.4166666666667,59400.0,1729500,77.75953
204,61200,QdbZeJFmsJ3euIQ4lwW63NwFEP+QIirT4QbI0jEGr4dpkOet8p3iQSHAEm1gKWnR,3.0302317,5.3622303,3.9478366,V0AP5z7oYKG/61mTS4S5joIMjTvhUv2z3WcosKIGSDxEbQw3fKkeb7MScY65MH/m,0,1729500,480.4166666666667,59400.0,1729500,77.75953
205,61500,QdbZeJFmsJ3euIQ4lwW63NwFEP+QIirT4QbI0jEGr4dpkOet8p3iQSHAEm1gKWnR,3.0302317,5.3622303,3.9478366,V0AP5z7oYKG/61mTS4S5joIMjTvhUv2z3WcosKIGSDxEbQw3fKkeb7MScY65MH/m,0,1729500,480.4166666666667,59400.0,1729500,77.75953
206,61800,QdbZeJFmsJ3euIQ4lwW63NwFEP+QIirT4QbI0jEGr4dpkOet8p3iQSHAEm1gKWnR,3.0302317,5.3622303,3.9478366,V0AP5z7oYKG/61mTS4S5joIMjTvhUv2z3WcosKIGSDxEbQw3fKkeb7MScY65MH/m,0,1729500,480.4166666666667,59400.0,1729500,77.75953
207,62100,QdbZeJFmsJ3euIQ4lwW63NwFEP+QIirT4QbI0jEGr4dpkOet8p3iQSHAEm1gKWnR,3.0302317,5.3622303,3.9478366,V0AP5z7oYKG/61mTS4S5joIMjTvhUv2z3WcosKIGSDxEbQw3fKkeb7MScY65MH/m,0,1729500,480.4166666666667,59400.0,1729500,77.75953
208,62400,QdbZeJFmsJ3euIQ4lwW63NwFEP+QIirT4QbI0jEGr4dpkOet8p3iQSHAEm1gKWnR,3.0302317,5.3622303,3.9478366,V0AP5z7oYKG/61mTS4S5joIMjTvhUv2z3WcosKIGSDxEbQw3fKkeb7MScY65MH/m,0,1729500,480.4166666666667,59400.0,1729500,77.75953
209,62700,QdbZeJFmsJ3euIQ4lwW63NwFEP+QIirT4QbI0jEGr4dpkOet8p3iQSHAEm1gKWnR,3.0302317,5.3622303,3.9478366,V0AP5z7oYKG/61mTS4S5joIMjTvhUv2z3WcosKIGSDxEbQw3fKkeb7MScY65MH/m,0,1729500,480.4166666666667,59400.0,1729500,77.75953
210,63000,QdbZeJFmsJ3euIQ4lwW63NwFEP+QIirT4QbI0jEGr4dpkOet8p3iQSHAEm1gKWnR,4.410837,7.197509,5.744197,V0AP5z7oYKG/61mTS4S5joIMjTvhUv2z3WcosKIGSDxEbQw3fKkeb7MScY65MH/m,0,1729500,480.4166666666667,63000.0,1729500,77.75953
211,63300,QdbZeJFmsJ3euIQ4lwW63NwFEP+QIirT4QbI0jEGr4dpkOet8p3iQSHAEm1gKWnR,3.8037848,8.119708,5.899925,V0AP5z7oYKG/61mTS4S5joIMjTvhUv2z3WcosKIGSDxEbQw3fKkeb7MScY65MH/m,0,1729500,480.4166666666667,63300.0,1729500,77.75953
212,63600,QdbZeJFmsJ3euIQ4lwW63NwFEP+QIirT4QbI0jEGr4dpkOet8p3iQSHAEm1gKWnR,3.6436677,14.371961,7.3213444,V0AP5z7oYKG/61mTS4S5joIMjTvhUv2z3WcosKIGSDxEbQw3fKkeb7MScY65MH/m,0,1729500,480.4166666666667,63600.0,1729500,77.75953
213,63900,QdbZeJFmsJ3euIQ4lwW63NwFEP+QIirT4QbI0jEGr4dpkOet8p3iQSHAEm1gKWnR,3.81878,7.932227,5.894199,V0AP5z7oYKG/61mTS4S5joIMjTvhUv2z3WcosKIGSDxEbQw3fKkeb7MScY65MH/m,0,1729500,480.4166666666667,63900.0,1729500,77.75953
214,64200,QdbZeJFmsJ3euIQ4lwW63NwFEP+QIirT4QbI0jEGr4dpkOet8p3iQSHAEm1gKWnR,3.9583397,8.162681,5.960669,V0AP5z7oYKG/61mTS4S5joIMjTvhUv2z3WcosKIGSDxEbQw3fKkeb7MScY65MH/m,0,1729500,480.4166666666667,64200.0,1729500,77.75953
215,64500,QdbZeJFmsJ3euIQ4lwW63NwFEP+QIirT4QbI0jEGr4dpkOet8p3iQSHAEm1gKWnR,4.04975,11.170996,6.3536973,V0AP5z7oYKG/61mTS4S5joIMjTvhUv2z3WcosKIGSDxEbQw3fKkeb7MScY65MH/m,0,1729500,480.4166666666667,64500.0,1729500,77.75953
216,64800,QdbZeJFmsJ3euIQ4lwW63NwFEP+QIirT4QbI0jEGr4dpkOet8p3iQSHAEm1gKWnR,4.254767,8.037844,5.924186,V0AP5z7oYKG/61mTS4S5joIMjTvhUv2z3WcosKIGSDxEbQw3fKkeb7MScY65MH/m,0,1729500,480.4166666666667,64800.0,1729500,77.75953
217,65100,QdbZeJFmsJ3euIQ4lwW63NwFEP+QIirT4QbI0jEGr4dpkOet8p3iQSHAEm1gKWnR,3.4632003,9.027052,5.930824,V0AP5z7oYKG/61mTS4S5joIMjTvhUv2z3WcosKIGSDxEbQw3fKkeb7MScY65MH/m,0,1729500,480.4166666666667,65100.0,1729500,77.75953
218,65400,QdbZeJFmsJ3euIQ4lwW63NwFEP+QIirT4QbI0jEGr4dpkOet8p3iQSHAEm1gKWnR,2.327372,10.740733,4.7741456,V0AP5z7oYKG/61mTS4S5joIMjTvhUv2z3WcosKIGSDxEbQw3fKkeb7MScY65MH/m,0,1729500,480.4166666666667,65400.0,1729500,77.75953
219,65700,QdbZeJFmsJ3euIQ4lwW63NwFEP+QIirT4QbI0jEGr4dpkOet8p3iQSHAEm1gKWnR,2.5391028,4.7734647,3.3726354,V0AP5z7oYKG/61mTS4S5joIMjTvhUv2z3WcosKIGSDxEbQw3fKkeb7MScY65MH/m,0,1729500,480.4166666666667,65700.0,1729500,77.75953
220,66000,QdbZeJFmsJ3euIQ4lwW63NwFEP+QIirT4QbI0jEGr4dpkOet8p3iQSHAEm1gKWnR,2.4739702,5.30109,3.3348134,V0AP5z7oYKG/61mTS4S5joIMjTvhUv2z3WcosKIGSDxEbQw3fKkeb7MScY65MH/m,0,1729500,480.4166666666667,66000.0,1729500,77.75953
221,66300,QdbZeJFmsJ3euIQ4lwW63NwFEP+QIirT4QbI0jEGr4dpkOet8p3iQSHAEm1gKWnR,2.3885503,5.075202,3.329531,V0AP5z7oYKG/61mTS4S5joIMjTvhUv2z3WcosKIGSDxEbQw3fKkeb7MScY65MH/m,0,1729500,480.4166666666667,66300.0,1729500,77.75953
222,66600,QdbZeJFmsJ3euIQ4lwW63NwFEP+QIirT4QbI0jEGr4dpkOet8p3iQSHAEm1gKWnR,2.6410856,5.2782817,3.3787398,V0AP5z7oYKG/61mTS4S5joIMjTvhUv2z3WcosKIGSDxEbQw3fKkeb7MScY65MH/m,0,1729500,480.4166666666667,66600.0,1729500,77.75953
223,66900,QdbZeJFmsJ3euIQ4lwW63NwFEP+QIirT4QbI0jEGr4dpkOet8p3iQSHAEm1gKWnR,2.3667302,49.475697,15.889871,V0AP5z7oYKG/61mTS4S5joIMjTvhUv2z3WcosKIGSDxEbQw3fKkeb7MScY65MH/m,0,1729500,480.4166666666667,66900.0,1729500,77.75953
224,67200,QdbZeJFmsJ3euIQ4lwW63NwFEP+QIirT4QbI0jEGr4dpkOet8p3iQSHAEm1gKWnR,2.4924304,37.05993,11.675744,V0AP5z7oYKG/61mTS4S5joIMjTvhUv2z3WcosKIGSDxEbQw3fKkeb7MScY65MH/m,0,1729500,480.4166666666667,67200.0,1729500,77.75953
225,67500,QdbZeJFmsJ3euIQ4lwW63NwFEP+QIirT4QbI0jEGr4dpkOet8p3iQSHAEm1gKWnR,2.5885546,10.425246,3.9126353,V0AP5z7oYKG/61mTS4S5joIMjTvhUv2z3WcosKIGSDxEbQw3fKkeb7MScY65MH/m,0,1729500,480.4166666666667,67500.0,1729500,77.75953
226,67800,QdbZeJFmsJ3euIQ4lwW63NwFEP+QIirT4QbI0jEGr4dpkOet8p3iQSHAEm1gKWnR,2.987067,5.195706,3.8163426,V0AP5z7oYKG/61mTS4S5joIMjTvhUv2z3WcosKIGSDxEbQw3fKkeb7MScY65MH/m,0,1729500,480.4166666666667,67800.0,1729500,77.75953
227,68100,QdbZeJFmsJ3euIQ4lwW63NwFEP+QIirT4QbI0jEGr4dpkOet8p3iQSHAEm1gKWnR,2.715526,7.9957023,4.0659957,V0AP5z7oYKG/61mTS4S5joIMjTvhUv2z3WcosKIGSDxEbQw3fKkeb7MScY65MH/m,0,1729500,480.4166666666667,68100.0,1729500,77.75953
228,68400,QdbZeJFmsJ3euIQ4lwW63NwFEP+QIirT4QbI0jEGr4dpkOet8p3iQSHAEm1gKWnR,2.5650208,5.0412993,3.651967,V0AP5z7oYKG/61mTS4S5joIMjTvhUv2z3WcosKIGSDxEbQw3fKkeb7MScY65MH/m,0,1729500,480.4166666666667,68400.0,1729500,77.75953
229,68700,QdbZeJFmsJ3euIQ4lwW63NwFEP+QIirT4QbI0jEGr4dpkOet8p3iQSHAEm1gKWnR,2.4497888,4.978937,3.2672088,V0AP5z7oYKG/61mTS4S5joIMjTvhUv2z3WcosKIGSDxEbQw3fKkeb7MScY65MH/m,0,1729500,480.4166666666667,68700.0,1729500,77.75953
230,69000,QdbZeJFmsJ3euIQ4lwW63NwFEP+QIirT4QbI0jEGr4dpkOet8p3iQSHAEm1gKWnR,2.236485,4.787296,3.39811,V0AP5z7oYKG/61mTS4S5joIMjTvhUv2z3WcosKIGSDxEbQw3fKkeb7MScY65MH/m,0,1729500,480.4166666666667,69000.0,1729500,77.75953
231,69300,QdbZeJFmsJ3euIQ4lwW63NwFEP+QIirT4QbI0jEGr4dpkOet8p3iQSHAEm1gKWnR,2.496415,4.7129364,3.359345,V0AP5z7oYKG/61mTS4S5joIMjTvhUv2z3WcosKIGSDxEbQw3fKkeb7MScY65MH/m,0,1729500,480.4166666666667,69300.0,1729500,77.75953
232,69600,QdbZeJFmsJ3euIQ4lwW63NwFEP+QIirT4QbI0jEGr4dpkOet8p3iQSHAEm1gKWnR,2.1738913,4.9452553,3.319226,V0AP5z7oYKG/61mTS4S5joIMjTvhUv2z3WcosKIGSDxEbQw3fKkeb7MScY65MH/m,0,1729500,480.4166666666667,69600.0,1729500,77.75953
233,69900,QdbZeJFmsJ3euIQ4lwW63NwFEP+QIirT4QbI0jEGr4dpkOet8p3iQSHAEm1gKWnR,2.2425747,4.480284,3.3172174,V0AP5z7oYKG/61mTS4S5joIMjTvhUv2z3WcosKIGSDxEbQw3fKkeb7MScY65MH/m,0,1729500,480.4166666666667,69900.0,1729500,77.75953
234,70200,QdbZeJFmsJ3euIQ4lwW63NwFEP+QIirT4QbI0jEGr4dpkOet8p3iQSHAEm1gKWnR,2.6713853,4.8293543,3.3307638,V0AP5z7oYKG/61mTS4S5joIMjTvhUv2z3WcosKIGSDxEbQw3fKkeb7MScY65MH/m,0,1729500,480.4166666666667,70200.0,1729500,77.75953
235,70500,QdbZeJFmsJ3euIQ4lwW63NwFEP+QIirT4QbI0jEGr4dpkOet8p3iQSHAEm1gKWnR,2.7131588,4.324338,3.325382,V0AP5z7oYKG/61mTS4S5joIMjTvhUv2z3WcosKIGSDxEbQw3fKkeb7MScY65MH/m,0,1729500,480.4166666666667,70500.0,1729500,77.75953
236,70800,QdbZeJFmsJ3euIQ4lwW63NwFEP+QIirT4QbI0jEGr4dpkOet8p3iQSHAEm1gKWnR,2.6482148,7.928001,3.8627248,V0AP5z7oYKG/61mTS4S5joIMjTvhUv2z3WcosKIGSDxEbQw3fKkeb7MScY65MH/m,0,1729500,480.4166666666667,70800.0,1729500,77.75953
237,71100,QdbZeJFmsJ3euIQ4lwW63NwFEP+QIirT4QbI0jEGr4dpkOet8p3iQSHAEm1gKWnR,2.1414657,8.530618,3.8093545,V0AP5z7oYKG/61mTS4S5joIMjTvhUv2z3WcosKIGSDxEbQw3fKkeb7MScY65MH/m,0,1729500,480.4166666666667,71100.0,1729500,77.75953
238,71400,QdbZeJFmsJ3euIQ4lwW63NwFEP+QIirT4QbI0jEGr4dpkOet8p3iQSHAEm1gKWnR,2.3844128,5.2331142,3.3594873,V0AP5z7oYKG/61mTS4S5joIMjTvhUv2z3WcosKIGSDxEbQw3fKkeb7MScY65MH/m,0,1729500,480.4166666666667,71400.0,1729500,77.75953
239,71700,QdbZeJFmsJ3euIQ4lwW63NwFEP+QIirT4QbI0jEGr4dpkOet8p3iQSHAEm1gKWnR,2.3400638,21.529644,5.200713,V0AP5z7oYKG/61mTS4S5joIMjTvhUv2z3WcosKIGSDxEbQw3fKkeb7MScY65MH/m,0,1729500,480.4166666666667,71700.0,1729500,77.75953
240,72000,QdbZeJFmsJ3euIQ4lwW63NwFEP+QIirT4QbI0jEGr4dpkOet8p3iQSHAEm1gKWnR,2.3578482,4.9349823,3.2862244,V0AP5z7oYKG/61mTS4S5joIMjTvhUv2z3WcosKIGSDxEbQw3fKkeb7MScY65MH/m,0,1729500,480.4166666666667,72000.0,1729500,77.75953
241,72300,QdbZeJFmsJ3euIQ4lwW63NwFEP+QIirT4QbI0jEGr4dpkOet8p3iQSHAEm1gKWnR,2.812433,4.4899216,3.3821108,V0AP5z7oYKG/61mTS4S5joIMjTvhUv2z3WcosKIGSDxEbQw3fKkeb7MScY65MH/m,0,1729500,480.4166666666667,72300.0,1729500,77.75953
242,72600,QdbZeJFmsJ3euIQ4lwW63NwFEP+QIirT4QbI0jEGr4dpkOet8p3iQSHAEm1gKWnR,2.611883,4.602221,3.344436,V0AP5z7oYKG/61mTS4S5joIMjTvhUv2z3WcosKIGSDxEbQw3fKkeb7MScY65MH/m,0,1729500,480.4166666666667,72600.0,1729500,77.75953
243,72900,QdbZeJFmsJ3euIQ4lwW63NwFEP+QIirT4QbI0jEGr4dpkOet8p3iQSHAEm1gKWnR,2.4684272,4.926332,3.327787,V0AP5z7oYKG/61mTS4S5joIMjTvhUv2z3WcosKIGSDxEbQw3fKkeb7MScY65MH/m,0,1729500,480.4166666666667,72900.0,1729500,77.75953
244,73200,QdbZeJFmsJ3euIQ4lwW63NwFEP+QIirT4QbI0jEGr4dpkOet8p3iQSHAEm1gKWnR,2.441897,5.198704,3.3955383,V0AP5z7oYKG/61mTS4S5joIMjTvhUv2z3WcosKIGSDxEbQw3fKkeb7MScY65MH/m,0,1729500,480.4166666666667,73200.0,1729500,77.75953
245,73500,QdbZeJFmsJ3euIQ4lwW63NwFEP+QIirT4QbI0jEGr4dpkOet8p3iQSHAEm1gKWnR,2.0349743,4.4418597,3.3386204,V0AP5z7oYKG/61mTS4S5joIMjTvhUv2z3WcosKIGSDxEbQw3fKkeb7MScY65MH/m,0,1729500,480.4166666666667,73500.0,1729500,77.75953
246,73800,QdbZeJFmsJ3euIQ4lwW63NwFEP+QIirT4QbI0jEGr4dpkOet8p3iQSHAEm1gKWnR,2.195809,5.5435944,3.3416638,V0AP5z7oYKG/61mTS4S5joIMjTvhUv2z3WcosKIGSDxEbQw3fKkeb7MScY65MH/m,0,1729500,480.4166666666667,73800.0,1729500,77.75953
247,74100,QdbZeJFmsJ3euIQ4lwW63NwFEP+QIirT4QbI0jEGr4dpkOet8p3iQSHAEm1gKWnR,2.2373416,22.817198,4.9671407,V0AP5z7oYKG/61mTS4S5joIMjTvhUv2z3WcosKIGSDxEbQw3fKkeb7MScY65MH/m,0,1729500,480.4166666666667,74100.0,1729500,77.75953
248,74400,QdbZeJFmsJ3euIQ4lwW63NwFEP+QIirT4QbI0jEGr4dpkOet8p3iQSHAEm1gKWnR,2.7534232,5.548677,3.4792876,V0AP5z7oYKG/61mTS4S5joIMjTvhUv2z3WcosKIGSDxEbQw3fKkeb7MScY65MH/m,0,1729500,480.4166666666667,74400.0,1729500,77.75953
249,74700,QdbZeJFmsJ3euIQ4lwW63NwFEP+QIirT4QbI0jEGr4dpkOet8p3iQSHAEm1gKWnR,2.3179803,7.9129033,4.371579,V0AP5z7oYKG/61mTS4S5joIMjTvhUv2z3WcosKIGSDxEbQw3fKkeb7MScY65MH/m,0,1729500,480.4166666666667,74700.0,1729500,77.75953
250,75000,QdbZeJFmsJ3euIQ4lwW63NwFEP+QIirT4QbI0jEGr4dpkOet8p3iQSHAEm1gKWnR,2.586703,4.6183453,3.3763664,V0AP5z7oYKG/61mTS4S5joIMjTvhUv2z3WcosKIGSDxEbQw3fKkeb7MScY65MH/m,0,1729500,480.4166666666667,75000.0,1729500,77.75953
251,75300,QdbZeJFmsJ3euIQ4lwW63NwFEP+QIirT4QbI0jEGr4dpkOet8p3iQSHAEm1gKWnR,2.2545142,7.437937,3.5930972,V0AP5z7oYKG/61mTS4S5joIMjTvhUv2z3WcosKIGSDxEbQw3fKkeb7MScY65MH/m,0,1729500,480.4166666666667,75300.0,1729500,77.75953
252,75600,QdbZeJFmsJ3euIQ4lwW63NwFEP+QIirT4QbI0jEGr4dpkOet8p3iQSHAEm1gKWnR,2.5556476,4.8997025,3.3498545,V0AP5z7oYKG/61mTS4S5joIMjTvhUv2z3WcosKIGSDxEbQw3fKkeb7MScY65MH/m,0,1729500,480.4166666666667,75600.0,1729500,77.75953
253,75900,QdbZeJFmsJ3euIQ4lwW63NwFEP+QIirT4QbI0jEGr4dpkOet8p3iQSHAEm1gKWnR,1.9891126,5.0877905,3.3241925,V0AP5z7oYKG/61mTS4S5joIMjTvhUv2z3WcosKIGSDxEbQw3fKkeb7MScY65MH/m,0,1729500,480.4166666666667,75900.0,1729500,77.75953
254,76200,QdbZeJFmsJ3euIQ4lwW63NwFEP+QIirT4QbI0jEGr4dpkOet8p3iQSHAEm1gKWnR,2.37741,5.679658,3.4480004,V0AP5z7oYKG/61mTS4S5joIMjTvhUv2z3WcosKIGSDxEbQw3fKkeb7MScY65MH/m,0,1729500,480.4166666666667,76200.0,1729500,77.75953
255,76500,QdbZeJFmsJ3euIQ4lwW63NwFEP+QIirT4QbI0jEGr4dpkOet8p3iQSHAEm1gKWnR,2.0592887,5.332824,3.3149223,V0AP5z7oYKG/61mTS4S5joIMjTvhUv2z3WcosKIGSDxEbQw3fKkeb7MScY65MH/m,0,1729500,480.4166666666667,76500.0,1729500,77.75953
256,76800,QdbZeJFmsJ3euIQ4lwW63NwFEP+QIirT4QbI0jEGr4dpkOet8p3iQSHAEm1gKWnR,2.297035,5.1268497,3.3264015,V0AP5z7oYKG/61mTS4S5joIMjTvhUv2z3WcosKIGSDxEbQw3fKkeb7MScY65MH/m,0,1729500,480.4166666666667,76800.0,1729500,77.75953
257,77100,QdbZeJFmsJ3euIQ4lwW63NwFEP+QIirT4QbI0jEGr4dpkOet8p3iQSHAEm1gKWnR,2.3896754,5.270886,3.3912413,V0AP5z7oYKG/61mTS4S5joIMjTvhUv2z3WcosKIGSDxEbQw3fKkeb7MScY65MH/m,0,1729500,480.4166666666667,77100.0,1729500,77.75953
258,77400,QdbZeJFmsJ3euIQ4lwW63NwFEP+QIirT4QbI0jEGr4dpkOet8p3iQSHAEm1gKWnR,2.6436749,4.7687106,3.308302,V0AP5z7oYKG/61mTS4S5joIMjTvhUv2z3WcosKIGSDxEbQw3fKkeb7MScY65MH/m,0,1729500,480.4166666666667,77400.0,1729500,77.75953
259,77700,QdbZeJFmsJ3euIQ4lwW63NwFEP+QIirT4QbI0jEGr4dpkOet8p3iQSHAEm1gKWnR,2.4735725,4.8483977,3.3795106,V0AP5z7oYKG/61mTS4S5joIMjTvhUv2z3WcosKIGSDxEbQw3fKkeb7MScY65MH/m,0,1729500,480.4166666666667,77700.0,1729500,77.75953
260,78000,QdbZeJFmsJ3euIQ4lwW63NwFEP+QIirT4QbI0jEGr4dpkOet8p3iQSHAEm1gKWnR,2.594457,5.1205935,3.4851909,V0AP5z7oYKG/61mTS4S5joIMjTvhUv2z3WcosKIGSDxEbQw3fKkeb7MScY65MH/m,0,1729500,480.4166666666667,78000.0,1729500,77.75953
261,78300,QdbZeJFmsJ3euIQ4lwW63NwFEP+QIirT4QbI0jEGr4dpkOet8p3iQSHAEm1gKWnR,2.7173722,8.473989,4.4318323,V0AP5z7oYKG/61mTS4S5joIMjTvhUv2z3WcosKIGSDxEbQw3fKkeb7MScY65MH/m,0,1729500,480.4166666666667,78300.0,1729500,77.75953
262,78600,QdbZeJFmsJ3euIQ4lwW63NwFEP+QIirT4QbI0jEGr4dpkOet8p3iQSHAEm1gKWnR,2.5118194,4.8259816,3.3200672,V0AP5z7oYKG/61mTS4S5joIMjTvhUv2z3WcosKIGSDxEbQw3fKkeb7MScY65MH/m,0,1729500,480.4166666666667,78600.0,1729500,77.75953
263,78900,QdbZeJFmsJ3euIQ4lwW63NwFEP+QIirT4QbI0jEGr4dpkOet8p3iQSHAEm1gKWnR,2.575474,5.4503303,3.5853047,V0AP5z7oYKG/61mTS4S5joIMjTvhUv2z3WcosKIGSDxEbQw3fKkeb7MScY65MH/m,0,1729500,480.4166666666667,78900.0,1729500,77.75953
264,79200,QdbZeJFmsJ3euIQ4lwW63NwFEP+QIirT4QbI0jEGr4dpkOet8p3iQSHAEm1gKWnR,2.6823323,4.7826943,3.356004,V0AP5z7oYKG/61mTS4S5joIMjTvhUv2z3WcosKIGSDxEbQw3fKkeb7MScY65MH/m,0,1729500,480.4166666666667,79200.0,1729500,77.75953
265,79500,QdbZeJFmsJ3euIQ4lwW63NwFEP+QIirT4QbI0jEGr4dpkOet8p3iQSHAEm1gKWnR,2.5539675,5.0034876,3.3534076,V0AP5z7oYKG/61mTS4S5joIMjTvhUv2z3WcosKIGSDxEbQw3fKkeb7MScY65MH/m,0,1729500,480.4166666666667,79500.0,1729500,77.75953
266,79800,QdbZeJFmsJ3euIQ4lwW63NwFEP+QIirT4QbI0jEGr4dpkOet8p3iQSHAEm1gKWnR,2.6979027,79.6867,16.889633,V0AP5z7oYKG/61mTS4S5joIMjTvhUv2z3WcosKIGSDxEbQw3fKkeb7MScY65MH/m,0,1729500,480.4166666666667,79800.0,1729500,79.6867
267,80100,QdbZeJFmsJ3euIQ4lwW63NwFEP+QIirT4QbI0jEGr4dpkOet8p3iQSHAEm1gKWnR,2.473282,4.2396784,3.3123527,V0AP5z7oYKG/61mTS4S5joIMjTvhUv2z3WcosKIGSDxEbQw3fKkeb7MScY65MH/m,0,1729500,480.4166666666667,80100.0,1729500,79.6867
268,80400,QdbZeJFmsJ3euIQ4lwW63NwFEP+QIirT4QbI0jEGr4dpkOet8p3iQSHAEm1gKWnR,2.6134248,5.144156,3.4560075,V0AP5z7oYKG/61mTS4S5joIMjTvhUv2z3WcosKIGSDxEbQw3fKkeb7MScY65MH/m,0,1729500,480.4166666666667,80400.0,1729500,79.6867
269,80700,QdbZeJFmsJ3euIQ4lwW63NwFEP+QIirT4QbI0jEGr4dpkOet8p3iQSHAEm1gKWnR,2.5269568,5.1267414,3.391504,V0AP5z7oYKG/61mTS4S5joIMjTvhUv2z3WcosKIGSDxEbQw3fKkeb7MScY65MH/m,0,1729500,480.4166666666667,80700.0,1729500,79.6867
270,81000,QdbZeJFmsJ3euIQ4lwW63NwFEP+QIirT4QbI0jEGr4dpkOet8p3iQSHAEm1gKWnR,2.2886603,5.2446065,3.4452095,V0AP5z7oYKG/61mTS4S5joIMjTvhUv2z3WcosKIGSDxEbQw3fKkeb7MScY65MH/m,0,1729500,480.4166666666667,81000.0,1729500,79.6867
271,81300,QdbZeJFmsJ3euIQ4lwW63NwFEP+QIirT4QbI0jEGr4dpkOet8p3iQSHAEm1gKWnR,2.1887643,5.385508,3.3563495,V0AP5z7oYKG/61mTS4S5joIMjTvhUv2z3WcosKIGSDxEbQw3fKkeb7MScY65MH/m,0,1729500,480.4166666666667,81300.0,1729500,79.6867
272,81600,QdbZeJFmsJ3euIQ4lwW63NwFEP+QIirT4QbI0jEGr4dpkOet8p3iQSHAEm1gKWnR,2.6404102,4.864548,3.4719596,V0AP5z7oYKG/61mTS4S5joIMjTvhUv2z3WcosKIGSDxEbQw3fKkeb7MScY65MH/m,0,1729500,480.4166666666667,81600.0,1729500,79.6867
273,81900,QdbZeJFmsJ3euIQ4lwW63NwFEP+QIirT4QbI0jEGr4dpkOet8p3iQSHAEm1gKWnR,2.2154236,8.269051,4.503676,V0AP5z7oYKG/61mTS4S5joIMjTvhUv2z3WcosKIGSDxEbQw3fKkeb7MScY65MH/m,0,1729500,480.4166666666667,81900.0,1729500,79.6867
274,82200,QdbZeJFmsJ3euIQ4lwW63NwFEP+QIirT4QbI0jEGr4dpkOet8p3iQSHAEm1gKWnR,2.5179021,5.0676403,3.5921333,V0AP5z7oYKG/61mTS4S5joIMjTvhUv2z3WcosKIGSDxEbQw3fKkeb7MScY65MH/m,0,1729500,480.4166666666667,82200.0,1729500,79.6867
275,82500,QdbZeJFmsJ3euIQ4lwW63NwFEP+QIirT4QbI0jEGr4dpkOet8p3iQSHAEm1gKWnR,2.473692,4.6799607,3.5734422,V0AP5z7oYKG/61mTS4S5joIMjTvhUv2z3WcosKIGSDxEbQw3fKkeb7MScY65MH/m,0,1729500,480.4166666666667,82500.0,1729500,79.6867
276,82800,QdbZeJFmsJ3euIQ4lwW63NwFEP+QIirT4QbI0jEGr4dpkOet8p3iQSHAEm1gKWnR,2.5534742,5.4419823,3.494389,V0AP5z7oYKG/61mTS4S5joIMjTvhUv2z3WcosKIGSDxEbQw3fKkeb7MScY65MH/m,0,1729500,480.4166666666667,82800.0,1729500,79.6867
277,83100,QdbZeJFmsJ3euIQ4lwW63NwFEP+QIirT4QbI0jEGr4dpkOet8p3iQSHAEm1gKWnR,2.5385966,4.7305055,3.3540785,V0AP5z7oYKG/61mTS4S5joIMjTvhUv2z3WcosKIGSDxEbQw3fKkeb7MScY65MH/m,0,1729500,480.4166666666667,83100.0,1729500,79.6867
278,83400,QdbZeJFmsJ3euIQ4lwW63NwFEP+QIirT4QbI0jEGr4dpkOet8p3iQSHAEm1gKWnR,2.4615746,5.299834,3.4044783,V0AP5z7oYKG/61mTS4S5joIMjTvhUv2z3WcosKIGSDxEbQw3fKkeb7MScY65MH/m,0,1729500,480.4166666666667,83400.0,1729500,79.6867
279,83700,QdbZeJFmsJ3euIQ4lwW63NwFEP+QIirT4QbI0jEGr4dpkOet8p3iQSHAEm1gKWnR,2.320814,4.766571,3.3221192,V0AP5z7oYKG/61mTS4S5joIMjTvhUv2z3WcosKIGSDxEbQw3fKkeb7MScY65MH/m,0,1729500,480.4166666666667,83700.0,1729500,79.6867
280,84000,QdbZeJFmsJ3euIQ4lwW63NwFEP+QIirT4QbI0jEGr4dpkOet8p3iQSHAEm1gKWnR,2.7810485,5.1214495,3.4556599,V0AP5z7oYKG/61mTS4S5joIMjTvhUv2z3WcosKIGSDxEbQw3fKkeb7MScY65MH/m,0,1729500,480.4166666666667,84000.0,1729500,79.6867
281,84300,QdbZeJFmsJ3euIQ4lwW63NwFEP+QIirT4QbI0jEGr4dpkOet8p3iQSHAEm1gKWnR,2.1882195,4.6022806,3.3806763,V0AP5z7oYKG/61mTS4S5joIMjTvhUv2z3WcosKIGSDxEbQw3fKkeb7MScY65MH/m,0,1729500,480.4166666666667,84300.0,1729500,79.6867
282,84600,QdbZeJFmsJ3euIQ4lwW63NwFEP+QIirT4QbI0jEGr4dpkOet8p3iQSHAEm1gKWnR,2.7014472,4.8747354,3.42112,V0AP5z7oYKG/61mTS4S5joIMjTvhUv2z3WcosKIGSDxEbQw3fKkeb7MScY65MH/m,0,1729500,480.4166666666667,84600.0,1729500,79.6867
283,84900,QdbZeJFmsJ3euIQ4lwW63NwFEP+QIirT4QbI0jEGr4dpkOet8p3iQSHAEm1gKWnR,2.5373433,5.067598,3.432569,V0AP5z7oYKG/61mTS4S5joIMjTvhUv2z3WcosKIGSDxEbQw3fKkeb7MScY65MH/m,0,1729500,480.4166666666667,84900.0,1729500,79.6867
284,85200,QdbZeJFmsJ3euIQ4lwW63NwFEP+QIirT4QbI0jEGr4dpkOet8p3iQSHAEm1gKWnR,2.4658616,4.81166,3.4353712,V0AP5z7oYKG/61mTS4S5joIMjTvhUv2z3WcosKIGSDxEbQw3fKkeb7MScY65MH/m,0,1729500,480.4166666666667,85200.0,1729500,79.6867
285,85500,QdbZeJFmsJ3euIQ4lwW63NwFEP+QIirT4QbI0jEGr4dpkOet8p3iQSHAEm1gKWnR,2.4062145,4.392799,3.319594,V0AP5z7oYKG/61mTS4S5joIMjTvhUv2z3WcosKIGSDxEbQw3fKkeb7MScY65MH/m,0,1729500,480.4166666666667,85500.0,1729500,79.6867
286,85800,QdbZeJFmsJ3euIQ4lwW63NwFEP+QIirT4QbI0jEGr4dpkOet8p3iQSHAEm1gKWnR,3.7305484,9.050806,5.5845795,V0AP5z7oYKG/61mTS4S5joIMjTvhUv2z3WcosKIGSDxEbQw3fKkeb7MScY65MH/m,0,1729500,480.4166666666667,85800.0,1729500,79.6867
287,86100,QdbZeJFmsJ3euIQ4lwW63NwFEP+QIirT4QbI0jEGr4dpkOet8p3iQSHAEm1gKWnR,3.6189399,7.0208015,4.6580033,V0AP5z7oYKG/61mTS4S5joIMjTvhUv2z3WcosKIGSDxEbQw3fKkeb7MScY65MH/m,0,1729500,480.4166666666667,86100.0,1729500,79.6867
288,86400,QdbZeJFmsJ3euIQ4lwW63NwFEP+QIirT4QbI0jEGr4dpkOet8p3iQSHAEm1gKWnR,3.6658201,6.1862535,4.3559127,V0AP5z7oYKG/61mTS4S5joIMjTvhUv2z3WcosKIGSDxEbQw3fKkeb7MScY65MH/m,0,1729500,480.4166666666667,86400.0,1729500,79.6867
289,86700,QdbZeJFmsJ3euIQ4lwW63NwFEP+QIirT4QbI0jEGr4dpkOet8p3iQSHAEm1gKWnR,2.5304906,5.1403413,3.8813841,V0AP5z7oYKG/61mTS4S5joIMjTvhUv2z3WcosKIGSDxEbQw3fKkeb7MScY65MH/m,0,1729500,480.4166666666667,86700.0,1729500,79.6867
290,87000,QdbZeJFmsJ3euIQ4lwW63NwFEP+QIirT4QbI0jEGr4dpkOet8p3iQSHAEm1gKWnR,2.419192,5.0087214,3.4845786,V0AP5z7oYKG/61mTS4S5joIMjTvhUv2z3WcosKIGSDxEbQw3fKkeb7MScY65MH/m,0,1729500,480.4166666666667,87000.0,1729500,79.6867
291,87300,QdbZeJFmsJ3euIQ4lwW63NwFEP+QIirT4QbI0jEGr4dpkOet8p3iQSHAEm1gKWnR,2.1506443,4.483838,3.286698,V0AP5z7oYKG/61mTS4S5joIMjTvhUv2z3WcosKIGSDxEbQw3fKkeb7MScY65MH/m,0,1729500,480.4166666666667,87300.0,1729500,79.6867
292,87600,QdbZeJFmsJ3euIQ4lwW63NwFEP+QIirT4QbI0jEGr4dpkOet8p3iQSHAEm1gKWnR,2.131873,5.236264,3.4731872,V0AP5z7oYKG/61mTS4S5joIMjTvhUv2z3WcosKIGSDxEbQw3fKkeb7MScY65MH/m,0,1729500,480.4166666666667,87600.0,1729500,79.6867
293,87900,QdbZeJFmsJ3euIQ4lwW63NwFEP+QIirT4QbI0jEGr4dpkOet8p3iQSHAEm1gKWnR,2.6118748,4.3157125,3.3756437,V0AP5z7oYKG/61mTS4S5joIMjTvhUv2z3WcosKIGSDxEbQw3fKkeb7MScY65MH/m,0,1729500,480.4166666666667,87900.0,1729500,79.6867
294,88200,QdbZeJFmsJ3euIQ4lwW63NwFEP+QIirT4QbI0jEGr4dpkOet8p3iQSHAEm1gKWnR,2.5394692,5.1638265,3.3143418,V0AP5z7oYKG/61mTS4S5joIMjTvhUv2z3WcosKIGSDxEbQw3fKkeb7MScY65MH/m,0,1729500,480.4166666666667,88200.0,1729500,79.6867
295,88500,QdbZeJFmsJ3euIQ4lwW63NwFEP+QIirT4QbI0jEGr4dpkOet8p3iQSHAEm1gKWnR,2.4070005,27.456713,5.0544405,V0AP5z7oYKG/61mTS4S5joIMjTvhUv2z3WcosKIGSDxEbQw3fKkeb7MScY65MH/m,0,1729500,480.4166666666667,88500.0,1729500,79.6867
296,88800,QdbZeJFmsJ3euIQ4lwW63NwFEP+QIirT4QbI0jEGr4dpkOet8p3iQSHAEm1gKWnR,2.661557,5.6115017,3.5161808,V0AP5z7oYKG/61mTS4S5joIMjTvhUv2z3WcosKIGSDxEbQw3fKkeb7MScY65MH/m,0,1729500,480.4166666666667,88800.0,1729500,79.6867
297,89100,QdbZeJFmsJ3euIQ4lwW63NwFEP+QIirT4QbI0jEGr4dpkOet8p3iQSHAEm1gKWnR,2.5516136,27.40184,7.4328923,V0AP5z7oYKG/61mTS4S5joIMjTvhUv2z3WcosKIGSDxEbQw3fKkeb7MScY65MH/m,0,1729500,480.4166666666667,89100.0,1729500,79.6867
298,89400,QdbZeJFmsJ3euIQ4lwW63NwFEP+QIirT4QbI0jEGr4dpkOet8p3iQSHAEm1gKWnR,3.3580675,13.827964,8.451884,V0AP5z7oYKG/61mTS4S5joIMjTvhUv2z3WcosKIGSDxEbQw3fKkeb7MScY65MH/m,0,1729500,480.4166666666667,89400.0,1729500,79.6867
299,89700,QdbZeJFmsJ3euIQ4lwW63NwFEP+QIirT4QbI0jEGr4dpkOet8p3iQSHAEm1gKWnR,2.8655903,33.814236,7.360376,V0AP5z7oYKG/61mTS4S5joIMjTvhUv2z3WcosKIGSDxEbQw3fKkeb7MScY65MH/m,0,1729500,480.4166666666667,89700.0,1729500,79.6867
300,90000,QdbZeJFmsJ3euIQ4lwW63NwFEP+QIirT4QbI0jEGr4dpkOet8p3iQSHAEm1gKWnR,2.766372,5.903805,3.6464713,V0AP5z7oYKG/61mTS4S5joIMjTvhUv2z3WcosKIGSDxEbQw3fKkeb7MScY65MH/m,0,1729500,480.4166666666667,90000.0,1729500,79.6867
301,90300,QdbZeJFmsJ3euIQ4lwW63NwFEP+QIirT4QbI0jEGr4dpkOet8p3iQSHAEm1gKWnR,2.4738843,5.6302485,3.6732154,V0AP5z7oYKG/61mTS4S5joIMjTvhUv2z3WcosKIGSDxEbQw3fKkeb7MScY65MH/m,0,1729500,480.4166666666667,90300.0,1729500,79.6867
302,90600,QdbZeJFmsJ3euIQ4lwW63NwFEP+QIirT4QbI0jEGr4dpkOet8p3iQSHAEm1gKWnR,2.519496,5.945024,3.7776809,V0AP5z7oYKG/61mTS4S5joIMjTvhUv2z3WcosKIGSDxEbQw3fKkeb7MScY65MH/m,0,1729500,480.4166666666667,90600.0,1729500,79.6867
303,90900,QdbZeJFmsJ3euIQ4lwW63NwFEP+QIirT4QbI0jEGr4dpkOet8p3iQSHAEm1gKWnR,10.563206,86.68335,31.54283,V0AP5z7oYKG/61mTS4S5joIMjTvhUv2z3WcosKIGSDxEbQw3fKkeb7MScY65MH/m,0,1729500,480.4166666666667,90900.0,1729500,86.68335
304,91200,QdbZeJFmsJ3euIQ4lwW63NwFEP+QIirT4QbI0jEGr4dpkOet8p3iQSHAEm1gKWnR,2.7145784,23.459896,8.759694,V0AP5z7oYKG/61mTS4S5joIMjTvhUv2z3WcosKIGSDxEbQw3fKkeb7MScY65MH/m,0,1729500,480.4166666666667,91200.0,1729500,86.68335
305,91500,QdbZeJFmsJ3euIQ4lwW63NwFEP+QIirT4QbI0jEGr4dpkOet8p3iQSHAEm1gKWnR,2.727509,5.149808,3.5828187,V0AP5z7oYKG/61mTS4S5joIMjTvhUv2z3WcosKIGSDxEbQw3fKkeb7MScY65MH/m,0,1729500,480.4166666666667,91500.0,1729500,86.68335
306,91800,QdbZeJFmsJ3euIQ4lwW63NwFEP+QIirT4QbI0jEGr4dpkOet8p3iQSHAEm1gKWnR,3.072497,6.197114,3.6894104,V0AP5z7oYKG/61mTS4S5joIMjTvhUv2z3WcosKIGSDxEbQw3fKkeb7MScY65MH/m,0,1729500,480.4166666666667,91800.0,1729500,86.68335
307,92100,QdbZeJFmsJ3euIQ4lwW63NwFEP+QIirT4QbI0jEGr4dpkOet8p3iQSHAEm1gKWnR,2.6048803,5.2782106,3.5212727,V0AP5z7oYKG/61mTS4S5joIMjTvhUv2z3WcosKIGSDxEbQw3fKkeb7MScY65MH/m,0,1729500,480.4166666666667,92100.0,1729500,86.68335
308,92400,QdbZeJFmsJ3euIQ4lwW63NwFEP+QIirT4QbI0jEGr4dpkOet8p3iQSHAEm1gKWnR,2.6349308,5.778193,3.710729,V0AP5z7oYKG/61mTS4S5joIMjTvhUv2z3WcosKIGSDxEbQw3fKkeb7MScY65MH/m,0,1729500,480.4166666666667,92400.0,1729500,86.68335
309,92700,QdbZeJFmsJ3euIQ4lwW63NwFEP+QIirT4QbI0jEGr4dpkOet8p3iQSHAEm1gKWnR,2.7997792,5.053569,3.5522244,V0AP5z7oYKG/61mTS4S5joIMjTvhUv2z3WcosKIGSDxEbQw3fKkeb7MScY65MH/m,0,1729500,480.4166666666667,92700.0,1729500,86.68335
310,93000,QdbZeJFmsJ3euIQ4lwW63NwFEP+QIirT4QbI0jEGr4dpkOet8p3iQSHAEm1gKWnR,3.1246564,8.316788,4.773297,V0AP5z7oYKG/61mTS4S5joIMjTvhUv2z3WcosKIGSDxEbQw3fKkeb7MScY65MH/m,0,1729500,480.4166666666667,93000.0,1729500,86.68335
311,93300,QdbZeJFmsJ3euIQ4lwW63NwFEP+QIirT4QbI0jEGr4dpkOet8p3iQSHAEm1gKWnR,2.5497053,6.403567,3.9852507,V0AP5z7oYKG/61mTS4S5joIMjTvhUv2z3WcosKIGSDxEbQw3fKkeb7MScY65MH/m,0,1729500,480.4166666666667,93300.0,1729500,86.68335
312,93600,QdbZeJFmsJ3euIQ4lwW63NwFEP+QIirT4QbI0jEGr4dpkOet8p3iQSHAEm1gKWnR,2.5851321,21.402922,5.244369,V0AP5z7oYKG/61mTS4S5joIMjTvhUv2z3WcosKIGSDxEbQw3fKkeb7MScY65MH/m,0,1729500,480.4166666666667,93600.0,1729500,86.68335
313,93900,QdbZeJFmsJ3euIQ4lwW63NwFEP+QIirT4QbI0jEGr4dpkOet8p3iQSHAEm1gKWnR,2.5183494,5.3695107,3.5344799,V0AP5z7oYKG/61mTS4S5joIMjTvhUv2z3WcosKIGSDxEbQw3fKkeb7MScY65MH/m,0,1729500,480.4166666666667,93900.0,1729500,86.68335
314,94200,QdbZeJFmsJ3euIQ4lwW63NwFEP+QIirT4QbI0jEGr4dpkOet8p3iQSHAEm1gKWnR,2.9620228,61.30763,17.26303,V0AP5z7oYKG/61mTS4S5joIMjTvhUv2z3WcosKIGSDxEbQw3fKkeb7MScY65MH/m,0,1729500,480.4166666666667,94200.0,1729500,86.68335
315,94500,QdbZeJFmsJ3euIQ4lwW63NwFEP+QIirT4QbI0jEGr4dpkOet8p3iQSHAEm1gKWnR,2.637365,4.766081,3.7203822,V0AP5z7oYKG/61mTS4S5joIMjTvhUv2z3WcosKIGSDxEbQw3fKkeb7MScY65MH/m,0,1729500,480.4166666666667,94500.0,1729500,86.68335
316,94800,QdbZeJFmsJ3euIQ4lwW63NwFEP+QIirT4QbI0jEGr4dpkOet8p3iQSHAEm1gKWnR,3.0220883,6.582553,4.282983,V0AP5z7oYKG/61mTS4S5joIMjTvhUv2z3WcosKIGSDxEbQw3fKkeb7MScY65MH/m,0,1729500,480.4166666666667,94800.0,1729500,86.68335
317,95100,QdbZeJFmsJ3euIQ4lwW63NwFEP+QIirT4QbI0jEGr4dpkOet8p3iQSHAEm1gKWnR,3.2264035,5.50266,4.202686,V0AP5z7oYKG/61mTS4S5joIMjTvhUv2z3WcosKIGSDxEbQw3fKkeb7MScY65MH/m,0,1729500,480.4166666666667,95100.0,1729500,86.68335
318,95400,QdbZeJFmsJ3euIQ4lwW63NwFEP+QIirT4QbI0jEGr4dpkOet8p3iQSHAEm1gKWnR,2.647128,6.1679673,3.7969327,V0AP5z7oYKG/61mTS4S5joIMjTvhUv2z3WcosKIGSDxEbQw3fKkeb7MScY65MH/m,0,1729500,480.4166666666667,95400.0,1729500,86.68335
319,95700,QdbZeJFmsJ3euIQ4lwW63NwFEP+QIirT4QbI0jEGr4dpkOet8p3iQSHAEm1gKWnR,2.580897,4.6527443,3.5878575,V0AP5z7oYKG/61mTS4S5joIMjTvhUv2z3WcosKIGSDxEbQw3fKkeb7MScY65MH/m,0,1729500,480.4166666666667,95700.0,1729500,86.68335
320,96000,QdbZeJFmsJ3euIQ4lwW63NwFEP+QIirT4QbI0jEGr4dpkOet8p3iQSHAEm1gKWnR,2.716528,5.7216525,3.770146,V0AP5z7oYKG/61mTS4S5joIMjTvhUv2z3WcosKIGSDxEbQw3fKkeb7MScY65MH/m,0,1729500,480.4166666666667,96000.0,1729500,86.68335
321,96300,QdbZeJFmsJ3euIQ4lwW63NwFEP+QIirT4QbI0jEGr4dpkOet8p3iQSHAEm1gKWnR,2.6191716,4.6979346,3.6043727,V0AP5z7oYKG/61mTS4S5joIMjTvhUv2z3WcosKIGSDxEbQw3fKkeb7MScY65MH/m,0,1729500,480.4166666666667,96300.0,1729500,86.68335
322,96600,QdbZeJFmsJ3euIQ4lwW63NwFEP+QIirT4QbI0jEGr4dpkOet8p3iQSHAEm1gKWnR,2.9040737,5.791775,3.9148571,V0AP5z7oYKG/61mTS4S5joIMjTvhUv2z3WcosKIGSDxEbQw3fKkeb7MScY65MH/m,0,1729500,480.4166666666667,96600.0,1729500,86.68335
323,96900,QdbZeJFmsJ3euIQ4lwW63NwFEP+QIirT4QbI0jEGr4dpkOet8p3iQSHAEm1gKWnR,2.633762,7.7600408,4.836586,V0AP5z7oYKG/61mTS4S5joIMjTvhUv2z3WcosKIGSDxEbQw3fKkeb7MScY65MH/m,0,1729500,480.4166666666667,96900.0,1729500,86.68335
324,97200,QdbZeJFmsJ3euIQ4lwW63NwFEP+QIirT4QbI0jEGr4dpkOet8p3iQSHAEm1gKWnR,2.4444723,5.2010183,3.670141,V0AP5z7oYKG/61mTS4S5joIMjTvhUv2z3WcosKIGSDxEbQw3fKkeb7MScY65MH/m,0,1729500,480.4166666666667,97200.0,1729500,86.68335
325,97500,QdbZeJFmsJ3euIQ4lwW63NwFEP+QIirT4QbI0jEGr4dpkOet8p3iQSHAEm1gKWnR,2.618075,5.7785106,3.5635352,V0AP5z7oYKG/61mTS4S5joIMjTvhUv2z3WcosKIGSDxEbQw3fKkeb7MScY65MH/m,0,1729500,480.4166666666667,97500.0,1729500,86.68335
326,97800,QdbZeJFmsJ3euIQ4lwW63NwFEP+QIirT4QbI0jEGr4dpkOet8p3iQSHAEm1gKWnR,2.635743,5.2294283,3.6319876,V0AP5z7oYKG/61mTS4S5joIMjTvhUv2z3WcosKIGSDxEbQw3fKkeb7MScY65MH/m,0,1729500,480.4166666666667,97800.0,1729500,86.68335
327,98100,QdbZeJFmsJ3euIQ4lwW63NwFEP+QIirT4QbI0jEGr4dpkOet8p3iQSHAEm1gKWnR,2.7665677,4.7549934,3.635697,V0AP5z7oYKG/61mTS4S5joIMjTvhUv2z3WcosKIGSDxEbQw3fKkeb7MScY65MH/m,0,1729500,480.4166666666667,98100.0,1729500,86.68335
328,98400,QdbZeJFmsJ3euIQ4lwW63NwFEP+QIirT4QbI0jEGr4dpkOet8p3iQSHAEm1gKWnR,2.917845,5.830619,3.636028,V0AP5z7oYKG/61mTS4S5joIMjTvhUv2z3WcosKIGSDxEbQw3fKkeb7MScY65MH/m,0,1729500,480.4166666666667,98400.0,1729500,86.68335
329,98700,QdbZeJFmsJ3euIQ4lwW63NwFEP+QIirT4QbI0jEGr4dpkOet8p3iQSHAEm1gKWnR,2.1543603,4.5771837,3.685504,V0AP5z7oYKG/61mTS4S5joIMjTvhUv2z3WcosKIGSDxEbQw3fKkeb7MScY65MH/m,0,1729500,480.4166666666667,98700.0,1729500,86.68335
330,99000,QdbZeJFmsJ3euIQ4lwW63NwFEP+QIirT4QbI0jEGr4dpkOet8p3iQSHAEm1gKWnR,2.4165947,5.3836255,3.542337,V0AP5z7oYKG/61mTS4S5joIMjTvhUv2z3WcosKIGSDxEbQw3fKkeb7MScY65MH/m,0,1729500,480.4166666666667,99000.0,1729500,86.68335
331,99300,QdbZeJFmsJ3euIQ4lwW63NwFEP+QIirT4QbI0jEGr4dpkOet8p3iQSHAEm1gKWnR,2.4613807,4.958392,3.6968062,V0AP5z7oYKG/61mTS4S5joIMjTvhUv2z3WcosKIGSDxEbQw3fKkeb7MScY65MH/m,0,1729500,480.4166666666667,99300.0,1729500,86.68335
332,99600,QdbZeJFmsJ3euIQ4lwW63NwFEP+QIirT4QbI0jEGr4dpkOet8p3iQSHAEm1gKWnR,2.8380575,5.1454763,3.7296016,V0AP5z7oYKG/61mTS4S5joIMjTvhUv2z3WcosKIGSDxEbQw3fKkeb7MScY65MH/m,0,1729500,480.4166666666667,99600.0,1729500,86.68335
333,99900,QdbZeJFmsJ3euIQ4lwW63NwFEP+QIirT4QbI0jEGr4dpkOet8p3iQSHAEm1gKWnR,2.7948716,4.620132,3.5585654,V0AP5z7oYKG/61mTS4S5joIMjTvhUv2z3WcosKIGSDxEbQw3fKkeb7MScY65MH/m,0,1729500,480.4166666666667,99900.0,1729500,86.68335
334,100200,QdbZeJFmsJ3euIQ4lwW63NwFEP+QIirT4QbI0jEGr4dpkOet8p3iQSHAEm1gKWnR,3.1096282,5.6833634,3.7424524,V0AP5z7oYKG/61mTS4S5joIMjTvhUv2z3WcosKIGSDxEbQw3fKkeb7MScY65MH/m,0,1729500,480.4166666666667,100200.0,1729500,86.68335
335,100500,QdbZeJFmsJ3euIQ4lwW63NwFEP+QIirT4QbI0jEGr4dpkOet8p3iQSHAEm1gKWnR,2.7206395,7.5280056,4.862648,V0AP5z7oYKG/61mTS4S5joIMjTvhUv2z3WcosKIGSDxEbQw3fKkeb7MScY65MH/m,0,1729500,480.4166666666667,100500.0,1729500,86.68335
336,100800,QdbZeJFmsJ3euIQ4lwW63NwFEP+QIirT4QbI0jEGr4dpkOet8p3iQSHAEm1gKWnR,2.7536428,5.519352,3.7923832,V0AP5z7oYKG/61mTS4S5joIMjTvhUv2z3WcosKIGSDxEbQw3fKkeb7MScY65MH/m,0,1729500,480.4166666666667,100800.0,1729500,86.68335
337,101100,QdbZeJFmsJ3euIQ4lwW63NwFEP+QIirT4QbI0jEGr4dpkOet8p3iQSHAEm1gKWnR,2.2446144,4.5847273,3.5051599,V0AP5z7oYKG/61mTS4S5joIMjTvhUv2z3WcosKIGSDxEbQw3fKkeb7MScY65MH/m,0,1729500,480.4166666666667,101100.0,1729500,86.68335
338,101400,QdbZeJFmsJ3euIQ4lwW63NwFEP+QIirT4QbI0jEGr4dpkOet8p3iQSHAEm1gKWnR,2.7099109,6.3430204,3.8880675,V0AP5z7oYKG/61mTS4S5joIMjTvhUv2z3WcosKIGSDxEbQw3fKkeb7MScY65MH/m,0,1729500,480.4166666666667,101400.0,1729500,86.68335
339,101700,QdbZeJFmsJ3euIQ4lwW63NwFEP+QIirT4QbI0jEGr4dpkOet8p3iQSHAEm1gKWnR,2.5380216,4.2373405,3.3920238,V0AP5z7oYKG/61mTS4S5joIMjTvhUv2z3WcosKIGSDxEbQw3fKkeb7MScY65MH/m,0,1729500,480.4166666666667,101700.0,1729500,86.68335
340,102000,QdbZeJFmsJ3euIQ4lwW63NwFEP+QIirT4QbI0jEGr4dpkOet8p3iQSHAEm1gKWnR,2.2304108,5.57496,3.8106153,V0AP5z7oYKG/61mTS4S5joIMjTvhUv2z3WcosKIGSDxEbQw3fKkeb7MScY65MH/m,0,1729500,480.4166666666667,102000.0,1729500,86.68335
341,102300,QdbZeJFmsJ3euIQ4lwW63NwFEP+QIirT4QbI0jEGr4dpkOet8p3iQSHAEm1gKWnR,2.4252808,4.2803144,3.442231,V0AP5z7oYKG/61mTS4S5joIMjTvhUv2z3WcosKIGSDxEbQw3fKkeb7MScY65MH/m,0,1729500,480.4166666666667,102300.0,1729500,86.68335
342,102600,QdbZeJFmsJ3euIQ4lwW63NwFEP+QIirT4QbI0jEGr4dpkOet8p3iQSHAEm1gKWnR,2.7724323,5.309645,3.8412583,V0AP5z7oYKG/61mTS4S5joIMjTvhUv2z3WcosKIGSDxEbQw3fKkeb7MScY65MH/m,0,1729500,480.4166666666667,102600.0,1729500,86.68335
343,102900,QdbZeJFmsJ3euIQ4lwW63NwFEP+QIirT4QbI0jEGr4dpkOet8p3iQSHAEm1gKWnR,2.57039,26.755344,5.389426,V0AP5z7oYKG/61mTS4S5joIMjTvhUv2z3WcosKIGSDxEbQw3fKkeb7MScY65MH/m,0,1729500,480.4166666666667,102900.0,1729500,86.68335
344,103200,QdbZeJFmsJ3euIQ4lwW63NwFEP+QIirT4QbI0jEGr4dpkOet8p3iQSHAEm1gKWnR,2.830541,5.81541,3.9284549,V0AP5z7oYKG/61mTS4S5joIMjTvhUv2z3WcosKIGSDxEbQw3fKkeb7MScY65MH/m,0,1729500,480.4166666666667,103200.0,1729500,86.68335
345,103500,QdbZeJFmsJ3euIQ4lwW63NwFEP+QIirT4QbI0jEGr4dpkOet8p3iQSHAEm1gKWnR,2.9652224,4.5429673,3.5227587,V0AP5z7oYKG/61mTS4S5joIMjTvhUv2z3WcosKIGSDxEbQw3fKkeb7MScY65MH/m,0,1729500,480.4166666666667,103500.0,1729500,86.68335
346,103800,QdbZeJFmsJ3euIQ4lwW63NwFEP+QIirT4QbI0jEGr4dpkOet8p3iQSHAEm1gKWnR,2.293552,5.2927732,3.8398364,V0AP5z7oYKG/61mTS4S5joIMjTvhUv2z3WcosKIGSDxEbQw3fKkeb7MScY65MH/m,0,1729500,480.4166666666667,103800.0,1729500,86.68335
347,104100,QdbZeJFmsJ3euIQ4lwW63NwFEP+QIirT4QbI0jEGr4dpkOet8p3iQSHAEm1gKWnR,2.5422683,10.468146,5.1448264,V0AP5z7oYKG/61mTS4S5joIMjTvhUv2z3WcosKIGSDxEbQw3fKkeb7MScY65MH/m,0,1729500,480.4166666666667,104100.0,1729500,86.68335
348,104400,QdbZeJFmsJ3euIQ4lwW63NwFEP+QIirT4QbI0jEGr4dpkOet8p3iQSHAEm1gKWnR,3.0444386,5.6201215,3.8669589,V0AP5z7oYKG/61mTS4S5joIMjTvhUv2z3WcosKIGSDxEbQw3fKkeb7MScY65MH/m,0,1729500,480.4166666666667,104400.0,1729500,86.68335
349,104700,QdbZeJFmsJ3euIQ4lwW63NwFEP+QIirT4QbI0jEGr4dpkOet8p3iQSHAEm1gKWnR,2.6607714,4.238106,3.4253223,V0AP5z7oYKG/61mTS4S5joIMjTvhUv2z3WcosKIGSDxEbQw3fKkeb7MScY65MH/m,0,1729500,480.4166666666667,104700.0,1729500,86.68335
